index,center,mean,sd,q025,q975,log_center,log_mean,log_sd,log_q025,log_q975,gCenter,gMean,gSD,gQ025,gQ975,bCenter,bMean,bSD,bQ025,bQ975,wCenter,wMean,wSD,wQ025,wQ975,scenario_label,projection_horizon,community_prefix,community_label,dominant_codes,secondary_codes,community_desc
summary,NA,NA,NA,NA,NA,-3.270685676216851,-3.2770065412347495,0.054827058270329666,-3.3948813007472025,-3.211113593005102,0.0379806563225769,0.03779506548631019,0.0020239635496981296,0.03354971280360059,0.040312434328125105,0.3662462961429448,0.3662245302464618,0.0021277886189043083,0.36165536978570545,0.3696556871049105,0.3662462961429448,0.3662245302464618,0.0021277886189043083,0.36165536978570545,0.3696556871049105,Current,Baseline,FE3,Sugar Maple - Yellow Birch Forest,,,Sugar Maple - Yellow Birch Forest
summary,NA,NA,NA,NA,NA,-4.221302543187038,-4.231835373145488,0.05857196043700576,-4.3476801715758695,-4.140092198921662,0.014679512635259274,0.014549619370812969,8.425411404162149e-4,0.012939153517431454,0.01592172254666424,0.21734119193659518,0.217243886034232,0.0017165142148080795,0.2137231723986373,0.22010708251870054,0.21734119193659518,0.217243886034232,0.001716514214808079,0.21372317239863733,0.22010708251870056,Current,Baseline,FE6,Sugar Maple - Red Oak Forest,,,Sugar Maple - Red Oak Forest
summary,NA,NA,NA,NA,NA,-1.43991995127992,-1.433623747504441,0.02101907549127998,-1.4722461933486555,-1.3940035576363656,0.2369467305329418,0.2384943405797948,0.005031348460903516,0.22940963258785804,0.24808216586656295,0.48201531309606854,0.4822656512907346,0.002390157044558211,0.4779230889911187,0.48640926533332185,0.48201531309606854,0.4822656512907346,0.002390157044558211,0.4779230889911187,0.48640926533332185,Current,Baseline,ME1,Black Spruce - Trembling Aspen Forest,,,Black Spruce - Trembling Aspen Forest
summary,NA,NA,NA,NA,NA,-2.0296914503672276,-2.0274371939272675,0.027188968825188276,-2.0694302207085262,-1.9800332719560942,0.13137701346449548,0.13171967353009423,0.003590551578851119,0.12625784797764086,0.1380694199926938,0.4380138712083871,0.4382475161560301,0.0024428620570859194,0.4340200435366557,0.44234988491900223,0.4380138712083871,0.4382475161560301,0.0024428620570859194,0.4340200435366557,0.44234988491900223,Current,Baseline,MS6,Balsam Fir - Red Maple Forest,,,Balsam Fir - Red Maple Forest
summary,NA,NA,NA,NA,NA,-3.4575571289845195,-3.475421461212469,0.056549175923298334,-3.5979046612458125,-3.401253441521411,0.031506634822891344,0.030996030046560992,0.001719253418903836,0.02738121703462328,0.03333876569137851,0.33071157316262645,0.3306608414522501,0.0024467975861036688,0.32642487351579924,0.33506446286546127,0.33071157316262645,0.3306608414522501,0.0024467975861036688,0.32642487351579924,0.33506446286546127,Current,Baseline,MS1,Balsam Fir - Yellow Birch Forest,,,Balsam Fir - Yellow Birch Forest
summary,NA,NA,NA,NA,NA,-1.3629926921259163,-1.3666579071445717,0.029280351371580162,-1.4170637875372691,-1.3081857467481908,0.2558939577529531,0.25506349477420537,0.007489961931209408,0.24242478409245885,0.27031183088290234,0.5247232189172095,0.5245921600797538,0.002361149198145211,0.5207322667722016,0.5282244259365009,0.5247232189172095,0.5245921600797538,0.002361149198145211,0.5207322667722016,0.5282244259365009,Current,Baseline,MS2,Balsam Fir - Paper Birch Forest,,,Balsam Fir - Paper Birch Forest
summary,NA,NA,NA,NA,NA,-1.9825432007848351,-1.9848597059343385,0.06077811493163824,-2.1083610600054956,-1.8929224747276843,0.13771855158887988,0.13764292062511166,0.008245539123062836,0.12145674739070822,0.15065863866396118,0.46654311203200705,0.4666134693246929,0.0022904208556116623,0.4623341102283123,0.4702617847896004,0.46654311203200705,0.4666134693246929,0.0022904208556116623,0.4623341102283123,0.4702617847896004,Current,Baseline,RE2,Black Spruce - Moss or Heath Forest,,,Black Spruce - Moss or Heath Forest
summary,NA,NA,NA,NA,NA,-2.789206826188517,-2.790935345459685,0.05738696722981696,-2.9010199884597982,-2.6961873502705904,0.061470204932595786,0.061461130183809824,0.00350690665890979,0.05496990429950127,0.0674704772067581,0.34737639797924874,0.3471354528095473,0.0017345642083305725,0.3442494283788914,0.3495342802555388,0.34737639797924874,0.3471354528095473,0.0017345642083305725,0.3442494283788914,0.3495342802555388,Current,Baseline,RC3,Peaty Eastern White Cedar - Balsam Fir Forest,,,Peaty Eastern White Cedar - Balsam Fir Forest
summary,NA,NA,NA,NA,NA,-3.4445906097543184,-3.432994358479329,0.06262405637595607,-3.5376746754122683,-3.33158928629282,0.03191875755868463,0.03235152182448077,0.0020341620651995454,0.029083714241109844,0.03573738834604738,0.2623613107606068,0.26257885593553104,0.0023468778300486806,0.25866367051395706,0.2666968521259244,0.26236131076060676,0.26257885593553104,0.002346877830048688,0.258663670513957,0.2666968521259244,Current,Baseline,RP1,White or Red Pine Forest,,,White or Red Pine Forest
summary,NA,NA,NA,NA,NA,-1.3629926921259163,-1.3666579071445717,0.029280351371580162,-1.4170637875372691,-1.3081857467481908,0.2558939577529531,0.25506349477420537,0.007489961931209408,0.24242478409245885,0.27031183088290234,0.5247232189172095,0.5245921600797538,0.002361149198145211,0.5207322667722016,0.5282244259365009,0.5247232189172095,0.5245921600797538,0.002361149198145211,0.5207322667722016,0.5282244259365009,Current,Baseline,RS2,Balsam Fir - Black Spruce Forest,,,Balsam Fir - Black Spruce Forest
summary,NA,NA,NA,NA,NA,-2.4664336384226297,-2.465321201627967,0.04385142708723634,-2.5446277935290924,-2.378403395153863,0.08488716386631528,0.08506110837663809,0.003771592625204936,0.07850227200028233,0.09272752516887993,0.46032999469040153,0.46002516524991904,0.003304328030555196,0.45285689959140374,0.46652536100267733,0.46032999469040153,0.46002516524991904,0.003304328030555196,0.45285689959140374,0.46652536100267733,SSP1-2.6 2011-2040,2011-2040,FE3,Sugar Maple - Yellow Birch Forest,,,Sugar Maple - Yellow Birch Forest
summary,NA,NA,NA,NA,NA,-3.222248829871067,-3.219066524726924,0.038018818988638486,-3.292900235036826,-3.14685382206319,0.039865315281863045,0.040020372115723145,0.0015261527548190413,0.037146218173841956,0.042989755072305305,0.32254477600571363,0.32284571484897057,0.003210440698539329,0.3182239504694654,0.32891213026755134,0.32254477600571363,0.3228457148489706,0.003210440698539334,0.3182239504694654,0.32891213026755134,SSP1-2.6 2011-2040,2011-2040,FE6,Sugar Maple - Red Oak Forest,,,Sugar Maple - Red Oak Forest
summary,NA,NA,NA,NA,NA,-1.3998326476328047,-1.401639998046657,0.042377274845496374,-1.4987003462336155,-1.3221572077670998,0.24663842678857645,0.24640640700193917,0.010432536661429105,0.22342199877170288,0.26662151259451816,0.4911432864834227,0.49210738209930327,0.0038824560191331337,0.4862448794297711,0.499113143633801,0.4911432864834227,0.49210738209930327,0.0038824560191331337,0.4862448794297711,0.499113143633801,SSP1-2.6 2011-2040,2011-2040,ME1,Black Spruce - Trembling Aspen Forest,,,Black Spruce - Trembling Aspen Forest
summary,NA,NA,NA,NA,NA,-1.4516930626624323,-1.4562496106063907,0.02640960312011529,-1.5064882770074037,-1.4136392442651304,0.23417348190178555,0.2331872178818622,0.006128050122046933,0.22169664418976853,0.2432572062217318,0.5340508014663294,0.5344196925839294,0.003473958490141635,0.5286659559751731,0.539665652053788,0.5340508014663294,0.5344196925839294,0.003473958490141635,0.5286659559751731,0.539665652053788,SSP1-2.6 2011-2040,2011-2040,MS6,Balsam Fir - Red Maple Forest,,,Balsam Fir - Red Maple Forest
summary,NA,NA,NA,NA,NA,-2.612009845974754,-2.615617900371909,0.041854972486052786,-2.699510234985884,-2.524389763358988,0.07338691255115218,0.07318438663931866,0.0030546482697274926,0.06724704854887756,0.08010788717343849,0.4281589256575229,0.42787500585290544,0.0032046043321737284,0.4219890032056406,0.4329014955459611,0.4281589256575229,0.42787500585290544,0.0032046043321737284,0.4219890032056406,0.4329014955459611,SSP1-2.6 2011-2040,2011-2040,MS1,Balsam Fir - Yellow Birch Forest,,,Balsam Fir - Yellow Birch Forest
summary,NA,NA,NA,NA,NA,-1.3308251108724418,-1.3250494254360707,0.048710942244358436,-1.4241454394383761,-1.2341389103378941,0.264259383218534,0.2660931452649966,0.012865199763581312,0.2407621435499416,0.29108823238203485,0.538494707634128,0.5390927422604852,0.0035941743677130327,0.5337040749974028,0.546544404716721,0.538494707634128,0.5390927422604852,0.0035941743677130327,0.5337040749974028,0.546544404716721,SSP1-2.6 2011-2040,2011-2040,MS2,Balsam Fir - Paper Birch Forest,,,Balsam Fir - Paper Birch Forest
summary,NA,NA,NA,NA,NA,-2.2306605090616927,-2.230913300834963,0.05958888940490966,-2.3160479604378046,-2.136390578173697,0.10745747773487963,0.10761522858073269,0.006435718817837843,0.09866306505063172,0.1180805914208592,0.4505613402741394,0.451006933862929,0.00315247491392045,0.4467879447985166,0.4583427335834064,0.4505613402741394,0.451006933862929,0.00315247491392045,0.4467879447985166,0.4583427335834064,SSP1-2.6 2011-2040,2011-2040,RE2,Black Spruce - Moss or Heath Forest,,,Black Spruce - Moss or Heath Forest
summary,NA,NA,NA,NA,NA,-2.6140711316460807,-2.632732456414825,0.10993320199077541,-2.832969668557009,-2.4737485316056596,0.07323585251436089,0.07229477969336517,0.0077372921001366435,0.05890143406579814,0.08431358123147824,0.3561046331171664,0.3553902462985746,0.003870432488840376,0.3487006109714751,0.36065336146363913,0.3561046331171664,0.3553902462985746,0.003870432488840376,0.3487006109714751,0.36065336146363913,SSP1-2.6 2011-2040,2011-2040,RC3,Peaty Eastern White Cedar - Balsam Fir Forest,,,Peaty Eastern White Cedar - Balsam Fir Forest
summary,NA,NA,NA,NA,NA,-2.654665823238181,-2.651240749147164,0.05886303766615299,-2.750949418859017,-2.5544850108946484,0.07032253709671685,0.0706822236942747,0.004180741537755155,0.06386812330872,0.0777508590930581,0.3571883557843245,0.35773252517950355,0.004449830516383747,0.3507340605066033,0.36495040435407056,0.3571883557843245,0.35773252517950355,0.004449830516383746,0.3507340605066033,0.36495040435407056,SSP1-2.6 2011-2040,2011-2040,RP1,White or Red Pine Forest,,,White or Red Pine Forest
summary,NA,NA,NA,NA,NA,-1.3308251108724418,-1.3250494254360707,0.048710942244358436,-1.4241454394383761,-1.2341389103378941,0.264259383218534,0.2660931452649966,0.012865199763581312,0.2407621435499416,0.29108823238203485,0.538494707634128,0.5390927422604852,0.0035941743677130327,0.5337040749974028,0.546544404716721,0.538494707634128,0.5390927422604852,0.0035941743677130327,0.5337040749974028,0.546544404716721,SSP1-2.6 2011-2040,2011-2040,RS2,Balsam Fir - Black Spruce Forest,,,Balsam Fir - Black Spruce Forest
summary,NA,NA,NA,NA,NA,-1.9928437598399773,-1.990361532183416,0.046342666491626515,-2.0634108735447985,-1.906716580513295,0.13630727392004816,0.1367881898923329,0.006358460134210677,0.12703703615618944,0.1485674636047109,0.5209107170478475,0.5215235329699659,0.005223962963028228,0.5138264566938362,0.5320732027019053,0.5209107170478475,0.5215235329699659,0.005223962963028228,0.5138264566938362,0.5320732027019053,SSP1-2.6 2041-2070,2041-2070,FE3,Sugar Maple - Yellow Birch Forest,,,Sugar Maple - Yellow Birch Forest
summary,NA,NA,NA,NA,NA,-2.5495873988267834,-2.5633467770181855,0.049606805047863974,-2.6501380160365815,-2.4893169501580914,0.07811389092976362,0.07713787665505838,0.003810968083271006,0.07064191713833468,0.08298584981645202,0.39656845421577125,0.39733758935152497,0.004105999015108344,0.39168328221038956,0.4062892706286166,0.3965684542157713,0.39733758935152497,0.004105999015108344,0.39168328221038956,0.40628927062861664,SSP1-2.6 2041-2070,2041-2070,FE6,Sugar Maple - Red Oak Forest,,,Sugar Maple - Red Oak Forest
summary,NA,NA,NA,NA,NA,-1.4319351984791024,-1.4354095001560327,0.051273535350711254,-1.5350424100075992,-1.346898648537092,0.23884835665030352,0.2383173534809143,0.012039722608140346,0.21555887683965402,0.26004586101526916,0.4980404349797347,0.4980971536861211,0.005270441693983813,0.48914916865885094,0.5057814610770972,0.4980404349797347,0.4980971536861211,0.005270441693983813,0.48914916865885094,0.5057814610770972,SSP1-2.6 2041-2070,2041-2070,ME1,Black Spruce - Trembling Aspen Forest,,,Black Spruce - Trembling Aspen Forest
summary,NA,NA,NA,NA,NA,-1.1552736566699513,-1.1575386813194057,0.030204776215717963,-1.1987610421479733,-1.10717597197837,0.314971423173392,0.3143974430888788,0.009508712725410621,0.3015676130131352,0.33049151613187067,0.5885978660114357,0.5895257773718187,0.00510928280829615,0.5824934684609363,0.5997658834018786,0.5885978660114357,0.5895257773718187,0.00510928280829615,0.5824934684609363,0.5997658834018786,SSP1-2.6 2041-2070,2041-2070,MS6,Balsam Fir - Red Maple Forest,,,Balsam Fir - Red Maple Forest
summary,NA,NA,NA,NA,NA,-2.1412059723968544,-2.1249503844347477,0.046677126965159764,-2.1903623668171255,-2.031519097939345,0.11751306931120281,0.11956572874404858,0.005647952674747316,0.11187623445971968,0.13113634298438942,0.48910680173704013,0.49003049897223083,0.005391576324049152,0.4812498909291901,0.5002362380774861,0.48910680173704013,0.49003049897223083,0.005391576324049152,0.4812498909291901,0.5002362380774861,SSP1-2.6 2041-2070,2041-2070,MS1,Balsam Fir - Yellow Birch Forest,,,Balsam Fir - Yellow Birch Forest
summary,NA,NA,NA,NA,NA,-1.3643648577254655,-1.3654606084637801,0.05719576040160021,-1.461481087954117,-1.2685383954786693,0.25554328450210917,0.25566233933896115,0.0143914226229224,0.23220281372952528,0.2812481670363727,0.5449832085021821,0.5452521692296342,0.0057792801546672976,0.5365863652528583,0.5559672041912709,0.5449832085021821,0.5452521692296342,0.0057792801546672976,0.5365863652528583,0.5559672041912709,SSP1-2.6 2041-2070,2041-2070,MS2,Balsam Fir - Paper Birch Forest,,,Balsam Fir - Paper Birch Forest
summary,NA,NA,NA,NA,NA,-2.425033900384899,-2.420825082467566,0.06686708557522864,-2.5387818678108136,-2.3050879259626713,0.08847517459405163,0.08904064204037354,0.005964568854041518,0.07896598486897871,0.09976002927101396,0.44289277112759606,0.44304170876962534,0.004255201763548511,0.4359157389648847,0.4501348332367338,0.44289277112759606,0.44304170876962534,0.004255201763548511,0.4359157389648847,0.4501348332367338,SSP1-2.6 2041-2070,2041-2070,RE2,Black Spruce - Moss or Heath Forest,,,Black Spruce - Moss or Heath Forest
summary,NA,NA,NA,NA,NA,-2.5483284537406368,-2.5787312144067434,0.09849877477989859,-2.7541585392714683,-2.4254021518680178,0.07821408010051778,0.07622326092605645,0.007401826225362521,0.06366298779076542,0.0884472110674493,0.3643035164034165,0.3647033708192986,0.00405285210857192,0.3572704402187339,0.3713840636793665,0.3643035164034165,0.3647033708192986,0.00405285210857192,0.3572704402187339,0.3713840636793665,SSP1-2.6 2041-2070,2041-2070,RC3,Peaty Eastern White Cedar - Balsam Fir Forest,,,Peaty Eastern White Cedar - Balsam Fir Forest
summary,NA,NA,NA,NA,NA,-2.1122211963000637,-2.1166364892461402,0.06001217958721634,-2.2135066703588437,-2.0174939355284764,0.12096906240591675,0.12064590355017808,0.007245236351480684,0.10931916166735031,0.13299481361389498,0.4217963680204327,0.4225563200560174,0.004541688937423523,0.4142134678870908,0.43006007247992667,0.42179636802043263,0.42255632005601734,0.004541688937423533,0.4142134678870908,0.43006007247992667,SSP1-2.6 2041-2070,2041-2070,RP1,White or Red Pine Forest,,,White or Red Pine Forest
summary,NA,NA,NA,NA,NA,-1.3643648577254655,-1.3654606084637801,0.05719576040160021,-1.461481087954117,-1.2685383954786693,0.25554328450210917,0.25566233933896115,0.0143914226229224,0.23220281372952528,0.2812481670363727,0.5449832085021821,0.5452521692296342,0.0057792801546672976,0.5365863652528583,0.5559672041912709,0.5449832085021821,0.5452521692296342,0.0057792801546672976,0.5365863652528583,0.5559672041912709,SSP1-2.6 2041-2070,2041-2070,RS2,Balsam Fir - Black Spruce Forest,,,Balsam Fir - Black Spruce Forest
summary,NA,NA,NA,NA,NA,-2.038206704014242,-2.034866069225764,0.05779064315124924,-2.1554461346426366,-1.9470320939033514,0.13026272407088574,0.1309074956337075,0.007481195181296552,0.11585171615484963,0.14270338058860754,0.5169056146280362,0.5164959939518026,0.00409361120928384,0.5073954558450875,0.5225950358591253,0.5169056146280362,0.5164959939518026,0.00409361120928384,0.5073954558450875,0.5225950358591253,SSP1-2.6 2071-2100,2071-2100,FE3,Sugar Maple - Yellow Birch Forest,,,Sugar Maple - Yellow Birch Forest
summary,NA,NA,NA,NA,NA,-2.6157337717254423,-2.6235989459628626,0.04416469991800659,-2.7116956600863884,-2.55746298421854,0.07311419693161855,0.0726092328746587,0.003172229938949427,0.06643004148404698,0.07750115704897716,0.3901188924358978,0.3898924891383719,0.0042763134908823455,0.3826427701705769,0.39867511657371263,0.3901188924358978,0.3898924891383719,0.004276313490882349,0.3826427701705769,0.39867511657371263,SSP1-2.6 2071-2100,2071-2100,FE6,Sugar Maple - Red Oak Forest,,,Sugar Maple - Red Oak Forest
summary,NA,NA,NA,NA,NA,-1.420058074055067,-1.420754280998006,0.0494572307910585,-1.519733821315229,-1.3397477896490038,0.24170051353084626,0.24181552142760138,0.011843088159719538,0.21880323417481698,0.26191191416618287,0.4969000788388477,0.4981269465756565,0.0053911999640213985,0.48977759250255926,0.5067999199280278,0.4969000788388477,0.4981269465756565,0.0053911999640213985,0.48977759250255926,0.5067999199280278,SSP1-2.6 2071-2100,2071-2100,ME1,Black Spruce - Trembling Aspen Forest,,,Black Spruce - Trembling Aspen Forest
summary,NA,NA,NA,NA,NA,-1.1677105414794209,-1.169642418852674,0.025896751036686563,-1.2195237490163313,-1.126118139944187,0.31107841391778296,0.31057845439205,0.008026598302988101,0.2953725553915095,0.32429093546830917,0.5850561751470376,0.5854489215082719,0.004987734461521917,0.5790072783520169,0.5955548529786981,0.5850561751470376,0.5854489215082719,0.004987734461521917,0.5790072783520169,0.5955548529786981,SSP1-2.6 2071-2100,2071-2100,MS6,Balsam Fir - Red Maple Forest,,,Balsam Fir - Red Maple Forest
summary,NA,NA,NA,NA,NA,-2.168885488806213,-2.170323756407837,0.04881129304323563,-2.252849256429749,-2.0896293471716274,0.11430622954456127,0.11427191684488475,0.005562647927422184,0.10509936341703599,0.12373433541799406,0.48544587713857035,0.4850650661712235,0.004207853888418042,0.4759298398877238,0.4918526761641805,0.48544587713857035,0.4850650661712235,0.004207853888418042,0.4759298398877238,0.4918526761641805,SSP1-2.6 2071-2100,2071-2100,MS1,Balsam Fir - Yellow Birch Forest,,,Balsam Fir - Yellow Birch Forest
summary,NA,NA,NA,NA,NA,-1.3524602548047375,-1.3519049637244438,0.053449831743072815,-1.4460309721740785,-1.2598884262331849,0.2586033188174216,0.2591042570520527,0.013845587399646383,0.23552155362825394,0.2836925262875353,0.5441539237596524,0.5453260243763323,0.005485234786363308,0.5370891207904689,0.5563143872503796,0.5441539237596524,0.5453260243763323,0.005485234786363308,0.5370891207904689,0.5563143872503796,SSP1-2.6 2071-2100,2071-2100,MS2,Balsam Fir - Paper Birch Forest,,,Balsam Fir - Paper Birch Forest
summary,NA,NA,NA,NA,NA,-2.3757722606188665,-2.3791290244294405,0.06648340162628369,-2.50082501573006,-2.26421340597114,0.09294306171617153,0.09282809917136019,0.0061199112768579944,0.0820441044539956,0.10391343244945449,0.4439471948414092,0.4441171639355197,0.003897156430609692,0.4383254951617892,0.4508304051913815,0.4439471948414092,0.4441171639355197,0.003897156430609692,0.4383254951617892,0.4508304051913815,SSP1-2.6 2071-2100,2071-2100,RE2,Black Spruce - Moss or Heath Forest,,,Black Spruce - Moss or Heath Forest
summary,NA,NA,NA,NA,NA,-2.61321440693422,-2.610156815999426,0.10219682025231955,-2.776185475769899,-2.434896986857732,0.07330109574248486,0.07389892855337973,0.007694372547267233,0.062294232967953396,0.0878041615975353,0.36292240067939907,0.3619499206776052,0.0052728427290497345,0.35365293467781406,0.3706915618141918,0.36292240067939907,0.3619499206776052,0.0052728427290497345,0.35365293467781406,0.3706915618141918,SSP1-2.6 2071-2100,2071-2100,RC3,Peaty Eastern White Cedar - Balsam Fir Forest,,,Peaty Eastern White Cedar - Balsam Fir Forest
summary,NA,NA,NA,NA,NA,-2.170152407632508,-2.157287245421599,0.061503998616793336,-2.2650497329892016,-2.046841939359318,0.11416021690904778,0.11585031029134771,0.007144569559078343,0.10382521926883506,0.12914213793103785,0.4159160126067556,0.41576841848352986,0.00506356603159689,0.4066237919020344,0.4245306835589816,0.41591601260675554,0.4157684184835298,0.005063566031596892,0.4066237919020344,0.4245306835589816,SSP1-2.6 2071-2100,2071-2100,RP1,White or Red Pine Forest,,,White or Red Pine Forest
summary,NA,NA,NA,NA,NA,-1.3524602548047375,-1.3519049637244438,0.053449831743072815,-1.4460309721740785,-1.2598884262331849,0.2586033188174216,0.2591042570520527,0.013845587399646383,0.23552155362825394,0.2836925262875353,0.5441539237596524,0.5453260243763323,0.005485234786363308,0.5370891207904689,0.5563143872503796,0.5441539237596524,0.5453260243763323,0.005485234786363308,0.5370891207904689,0.5563143872503796,SSP1-2.6 2071-2100,2071-2100,RS2,Balsam Fir - Black Spruce Forest,,,Balsam Fir - Black Spruce Forest
summary,NA,NA,NA,NA,NA,-2.4816976828871016,-2.4884505496933262,0.056843806227307336,-2.6084167370142737,-2.3966430595898887,0.0836012826257887,0.08316744766129858,0.004683209474618089,0.07365500660018634,0.09102311984062902,0.45823610560155364,0.45797805607744,0.0032657341719692927,0.4520441804342755,0.46378508385896483,0.45823610560155364,0.45797805607744,0.0032657341719692927,0.4520441804342755,0.46378508385896483,SSP2-4.5 2011-2040,2011-2040,FE3,Sugar Maple - Yellow Birch Forest,,,Sugar Maple - Yellow Birch Forest
summary,NA,NA,NA,NA,NA,-3.2318991388215284,-3.230399246518219,0.05727997623515835,-3.3386795036319956,-3.1182987739748445,0.03948247166735111,0.0396042821477538,0.002260312471617897,0.03548590504662359,0.04423263514377077,0.3222714329988749,0.32229988065302934,0.0026192654569734387,0.3181385625513721,0.32675491741228796,0.3222714329988749,0.32229988065302934,0.0026192654569734404,0.3181385625513721,0.326754917412288,SSP2-4.5 2011-2040,2011-2040,FE6,Sugar Maple - Red Oak Forest,,,Sugar Maple - Red Oak Forest
summary,NA,NA,NA,NA,NA,-1.3879901713707812,-1.3948561350726039,0.041494538696697794,-1.472867851695976,-1.3307525505723694,0.24957651864794714,0.24807373686909243,0.010198338919557683,0.2292759632779636,0.2642921664574641,0.4917490477416905,0.4924438876348139,0.0037973651522903353,0.48623473698934905,0.499540797999777,0.4917490477416905,0.4924438876348139,0.0037973651522903353,0.48623473698934905,0.499540797999777,SSP2-4.5 2011-2040,2011-2040,ME1,Black Spruce - Trembling Aspen Forest,,,Black Spruce - Trembling Aspen Forest
summary,NA,NA,NA,NA,NA,-1.4696023421953024,-1.4663124278409891,0.02800072530035866,-1.5115239364349298,-1.4087262759153827,0.23001713266701565,0.23086268656078546,0.00649839125315951,0.22057358981054975,0.24445494022671016,0.5319498143324364,0.5317768621425484,0.002843235208708533,0.5268047474116332,0.5370158564111721,0.5319498143324364,0.5317768621425484,0.002843235208708533,0.5268047474116332,0.5370158564111721,SSP2-4.5 2011-2040,2011-2040,MS6,Balsam Fir - Red Maple Forest,,,Balsam Fir - Red Maple Forest
summary,NA,NA,NA,NA,NA,-2.6331431165876893,-2.6401271358342484,0.054156499055352324,-2.766601129237068,-2.566813551377131,0.07185246830949094,0.07145202497526183,0.0037920910726186577,0.06287668725862547,0.07678010057091392,0.42371987718238635,0.4243139958230999,0.0038939712270410977,0.41900460997703803,0.4326105793665989,0.42371987718238635,0.4243139958230999,0.0038939712270410977,0.41900460997703803,0.4326105793665989,SSP2-4.5 2011-2040,2011-2040,MS1,Balsam Fir - Yellow Birch Forest,,,Balsam Fir - Yellow Birch Forest
summary,NA,NA,NA,NA,NA,-1.3202867194058658,-1.322085022804083,0.04865198673989367,-1.4135848656764955,-1.2283261124717049,0.2670587978047011,0.2668845792877223,0.01302479338626928,0.2432699052005877,0.29279872389047235,0.5372533482095074,0.5381107680654904,0.0031886719422983597,0.5334696300340962,0.5437156169751741,0.5372533482095074,0.5381107680654904,0.0031886719422983597,0.5334696300340962,0.5437156169751741,SSP2-4.5 2011-2040,2011-2040,MS2,Balsam Fir - Paper Birch Forest,,,Balsam Fir - Paper Birch Forest
summary,NA,NA,NA,NA,NA,-2.236555099959107,-2.234973781106845,0.056470850316372424,-2.324410850861308,-2.1283149685848812,0.10682614384030703,0.1071613734795663,0.006132131562171561,0.09784195895661654,0.11906312025835103,0.45048002177842106,0.45090546160143374,0.0028830390621106053,0.4468963790143317,0.4567974890179257,0.45048002177842106,0.45090546160143374,0.0028830390621106053,0.4468963790143317,0.4567974890179257,SSP2-4.5 2011-2040,2011-2040,RE2,Black Spruce - Moss or Heath Forest,,,Black Spruce - Moss or Heath Forest
summary,NA,NA,NA,NA,NA,-2.6109545789829625,-2.6155621907479243,0.08152838978191376,-2.734468091903134,-2.462005025162396,0.07346462945934626,0.07336547608920527,0.0061267949710526425,0.06493531788949573,0.08536711756765505,0.354920654320019,0.35450348955626954,0.002964753356167425,0.35022611852367536,0.3593744934258894,0.354920654320019,0.35450348955626954,0.002964753356167425,0.35022611852367536,0.3593744934258894,SSP2-4.5 2011-2040,2011-2040,RC3,Peaty Eastern White Cedar - Balsam Fir Forest,,,Peaty Eastern White Cedar - Balsam Fir Forest
summary,NA,NA,NA,NA,NA,-2.655022517952901,-2.644270926462236,0.06304163611307396,-2.78649648437156,-2.5309571249299987,0.07029726685498844,0.07119283948789792,0.004449683453897505,0.061645781229387533,0.07959821593527533,0.3579860622462125,0.35814924810985166,0.0031622497763341946,0.3529405167466873,0.3645999468113797,0.35798606224621243,0.35814924810985166,0.0031622497763342007,0.3529405167466873,0.3645999468113797,SSP2-4.5 2011-2040,2011-2040,RP1,White or Red Pine Forest,,,White or Red Pine Forest
summary,NA,NA,NA,NA,NA,-1.3202867194058658,-1.322085022804083,0.04865198673989367,-1.4135848656764955,-1.2283261124717049,0.2670587978047011,0.2668845792877223,0.01302479338626928,0.2432699052005877,0.29279872389047235,0.5372533482095074,0.5381107680654904,0.0031886719422983597,0.5334696300340962,0.5437156169751741,0.5372533482095074,0.5381107680654904,0.0031886719422983597,0.5334696300340962,0.5437156169751741,SSP2-4.5 2011-2040,2011-2040,RS2,Balsam Fir - Black Spruce Forest,,,Balsam Fir - Black Spruce Forest
summary,NA,NA,NA,NA,NA,-1.8475390640639269,-1.8410778331980802,0.04678881719603042,-1.9262460836091937,-1.7575209728541736,0.15762604583062767,0.1588143428403125,0.007436327618143171,0.14569631847817452,0.17247231268567637,0.5447329656210202,0.5445119680634161,0.0060379520899043965,0.531469909032404,0.5541603300304164,0.5447329656210202,0.5445119680634161,0.0060379520899043965,0.531469909032404,0.5541603300304164,SSP2-4.5 2041-2070,2041-2070,FE3,Sugar Maple - Yellow Birch Forest,,,Sugar Maple - Yellow Birch Forest
summary,NA,NA,NA,NA,NA,-2.3702438800474144,-2.372479416686315,0.051520888595952274,-2.487749364364623,-2.295527021324343,0.09345798681967002,0.09336841861953268,0.004782838988883608,0.08309734328231942,0.10075596724642116,0.42458970452802347,0.4230844065805449,0.0054159016110374575,0.410543971853116,0.4311379090230513,0.42458970452802347,0.4230844065805449,0.005415901611037458,0.4105439718531161,0.4311379090230513,SSP2-4.5 2041-2070,2041-2070,FE6,Sugar Maple - Red Oak Forest,,,Sugar Maple - Red Oak Forest
summary,NA,NA,NA,NA,NA,-1.4432746358301163,-1.4485353635201674,0.06352414579395226,-1.576358088254148,-1.3044610189851769,0.2361604782785091,0.23537495971656724,0.015085565592188536,0.2067323685490495,0.27134041324726366,0.500777404141931,0.5000734252937379,0.005622366193406891,0.4903373485694079,0.5095060221490371,0.500777404141931,0.5000734252937379,0.005622366193406891,0.4903373485694079,0.5095060221490371,SSP2-4.5 2041-2070,2041-2070,ME1,Black Spruce - Trembling Aspen Forest,,,Black Spruce - Trembling Aspen Forest
summary,NA,NA,NA,NA,NA,-1.0677982715851377,-1.0657716227213305,0.026912810790113522,-1.112912187692591,-1.015321576533217,0.34376465850216703,0.34458296716953096,0.009321940433742293,0.32860068686313304,0.3623228161249522,0.609398624531386,0.608438397811067,0.006039433356134167,0.5970407501788193,0.6178173644432996,0.609398624531386,0.608438397811067,0.006039433356134167,0.5970407501788193,0.6178173644432996,SSP2-4.5 2041-2070,2041-2070,MS6,Balsam Fir - Red Maple Forest,,,Balsam Fir - Red Maple Forest
summary,NA,NA,NA,NA,NA,-1.9721779553829757,-1.9700472834316085,0.04382223939054547,-2.051277981520053,-1.8981783971703783,0.13915374826849836,0.13957981538228514,0.006122231253368666,0.1285718964773244,0.14984338979327763,0.5147056743151288,0.5132799322519652,0.006470270708062635,0.5011237152180934,0.5227128368351524,0.5147056743151288,0.5132799322519652,0.006470270708062635,0.5011237152180934,0.5227128368351524,SSP2-4.5 2041-2070,2041-2070,MS1,Balsam Fir - Yellow Birch Forest,,,Balsam Fir - Yellow Birch Forest
summary,NA,NA,NA,NA,NA,-1.3773686577915212,-1.3773244974062417,0.07028949767407726,-1.527719309687471,-1.2360939695997457,0.25224264149611036,0.25285873402657005,0.017957766580187832,0.2170428496264041,0.2907409776424644,0.548334889397196,0.5479351622559252,0.0058164597354650235,0.5383858294853221,0.5586606851331779,0.548334889397196,0.5479351622559252,0.0058164597354650235,0.5383858294853221,0.5586606851331779,SSP2-4.5 2041-2070,2041-2070,MS2,Balsam Fir - Paper Birch Forest,,,Balsam Fir - Paper Birch Forest
summary,NA,NA,NA,NA,NA,-2.499807120636663,-2.4886488598613767,0.06107009120717937,-2.561472314987062,-2.3629233720801373,0.08210083812628598,0.08317514174297641,0.005252311307153634,0.07719467688967754,0.09421425062459098,0.4404231852514854,0.44049747569638825,0.004034943835459891,0.43222207489316555,0.4467936442614285,0.4404231852514854,0.44049747569638825,0.004034943835459891,0.43222207489316555,0.4467936442614285,SSP2-4.5 2041-2070,2041-2070,RE2,Black Spruce - Moss or Heath Forest,,,Black Spruce - Moss or Heath Forest
summary,NA,NA,NA,NA,NA,-2.55233355519185,-2.550203006735018,0.11319920566366737,-2.7439911147508034,-2.322805326427187,0.07790005490136448,0.07855447775589348,0.009014503306752523,0.06431337632906475,0.09800774405545642,0.3687099442883536,0.36873224665092347,0.004197680188068041,0.3610617543892726,0.3753785616377753,0.3687099442883536,0.36873224665092347,0.004197680188068041,0.3610617543892726,0.3753785616377753,SSP2-4.5 2041-2070,2041-2070,RC3,Peaty Eastern White Cedar - Balsam Fir Forest,,,Peaty Eastern White Cedar - Balsam Fir Forest
summary,NA,NA,NA,NA,NA,-1.9700819583593476,-1.9691233302373863,0.06851965696341047,-2.092138657396152,-1.8616305975336678,0.13944608864171748,0.13989478360857469,0.009525976745195624,0.12344627913802256,0.15542389893269087,0.44237558016701695,0.44301729897618414,0.0069026325861782575,0.43066778383360466,0.4566605492374779,0.44237558016701695,0.44301729897618414,0.006902632586178261,0.43066778383360466,0.4566605492374779,SSP2-4.5 2041-2070,2041-2070,RP1,White or Red Pine Forest,,,White or Red Pine Forest
summary,NA,NA,NA,NA,NA,-1.3773686577915212,-1.3773244974062417,0.07028949767407726,-1.527719309687471,-1.2360939695997457,0.25224264149611036,0.25285873402657005,0.017957766580187832,0.2170428496264041,0.2907409776424644,0.548334889397196,0.5479351622559252,0.0058164597354650235,0.5383858294853221,0.5586606851331779,0.548334889397196,0.5479351622559252,0.0058164597354650235,0.5383858294853221,0.5586606851331779,SSP2-4.5 2041-2070,2041-2070,RS2,Balsam Fir - Black Spruce Forest,,,Balsam Fir - Black Spruce Forest
summary,NA,NA,NA,NA,NA,-1.3530800870453583,-1.3452872660901625,0.04836043476210123,-1.4427118613622614,-1.2785945253755813,0.2584430091835568,0.26075670682266633,0.012440303475703279,0.23635192589594023,0.27842856065485644,0.6240525122350171,0.6224741689700654,0.008732179237461045,0.6051049600234057,0.6369380555975674,0.6240525122350171,0.6224741689700654,0.008732179237461045,0.6051049600234057,0.6369380555975674,SSP2-4.5 2071-2100,2071-2100,FE3,Sugar Maple - Yellow Birch Forest,,,Sugar Maple - Yellow Birch Forest
summary,NA,NA,NA,NA,NA,-1.740431942135293,-1.7495545753367971,0.05240428974783804,-1.8672369753747828,-1.6817172898536077,0.17544461153961866,0.17407970518424615,0.008974639089937649,0.15455080682538433,0.1860616233791682,0.5136004496972206,0.5135430287230729,0.00799376321946622,0.49295616098653183,0.5242541045352256,0.5136004496972206,0.513543028723073,0.007993763219466219,0.49295616098653183,0.5242541045352256,SSP2-4.5 2071-2100,2071-2100,FE6,Sugar Maple - Red Oak Forest,,,Sugar Maple - Red Oak Forest
summary,NA,NA,NA,NA,NA,-1.5321566013750534,-1.538319487918765,0.05896095933552805,-1.6344110422913367,-1.426112358406544,0.21606958604159954,0.21510230317297704,0.0126659136857259,0.19513211755440973,0.24024591567226142,0.5077373775643275,0.5079685784578986,0.005574279118409242,0.4983605844484962,0.5196343735068818,0.5077373775643275,0.5079685784578986,0.005574279118409242,0.4983605844484962,0.5196343735068818,SSP2-4.5 2071-2100,2071-2100,ME1,Black Spruce - Trembling Aspen Forest,,,Black Spruce - Trembling Aspen Forest
summary,NA,NA,NA,NA,NA,-0.7933989925214624,-0.7920368654688089,0.020762671756762285,-0.8263140828478014,-0.7483970719193719,0.45230569284432853,0.4530159602662056,0.009446355717558577,0.43766248316383216,0.47313303964662323,0.6714373785486267,0.6714700337902867,0.006603667579099117,0.6590965259244825,0.683975818290437,0.6714373785486267,0.6714700337902867,0.006603667579099117,0.6590965259244825,0.683975818290437,SSP2-4.5 2071-2100,2071-2100,MS6,Balsam Fir - Red Maple Forest,,,Balsam Fir - Red Maple Forest
summary,NA,NA,NA,NA,NA,-1.4576956595905766,-1.4519174705089708,0.04684460837906642,-1.531994566268605,-1.376905751001484,0.23277205815011381,0.23436778377128975,0.010877813114089857,0.21619022572905908,0.25235821261180724,0.5944482968811506,0.5945659477171262,0.0071838449095146814,0.5802967169983292,0.6069757769241718,0.5944482968811506,0.5945659477171262,0.0071838449095146814,0.5802967169983292,0.6069757769241718,SSP2-4.5 2071-2100,2071-2100,MS1,Balsam Fir - Yellow Birch Forest,,,Balsam Fir - Yellow Birch Forest
summary,NA,NA,NA,NA,NA,-1.4617997355431913,-1.4671646569096313,0.06348330741523842,-1.5750978494194947,-1.345658973441418,0.23182047189821808,0.2310241475826775,0.014502351166782713,0.20718775260713268,0.26037177377809473,0.5572473108147449,0.5578355851438037,0.005982570493034513,0.5490273760518696,0.5694627746862391,0.5572473108147449,0.5578355851438037,0.005982570493034513,0.5490273760518696,0.5694627746862391,SSP2-4.5 2071-2100,2071-2100,MS2,Balsam Fir - Paper Birch Forest,,,Balsam Fir - Paper Birch Forest
summary,NA,NA,NA,NA,NA,-2.766518979764446,-2.7758189541427005,0.07821084029341442,-2.9660113060526565,-2.6437906300104252,0.06288051601529654,0.062479755032998255,0.004770700085785892,0.05150849481133122,0.0710956731048624,0.4315796176559856,0.4321110441986795,0.0047715047418218,0.42474965068387927,0.4417268265235972,0.4315796176559856,0.4321110441986795,0.0047715047418218,0.42474965068387927,0.4417268265235972,SSP2-4.5 2071-2100,2071-2100,RE2,Black Spruce - Moss or Heath Forest,,,Black Spruce - Moss or Heath Forest
summary,NA,NA,NA,NA,NA,-2.5496840829441374,-2.565376191104954,0.11003956422169127,-2.7731966156461594,-2.417150640969866,0.07811144227660335,0.07733511844859431,0.008334123297443215,0.06246204750830993,0.0891753688579198,0.3825060212718687,0.38204446306593676,0.005829735989128409,0.36930719214993296,0.3908050015873607,0.3825060212718687,0.38204446306593676,0.005829735989128409,0.36930719214993296,0.3908050015873607,SSP2-4.5 2071-2100,2071-2100,RC3,Peaty Eastern White Cedar - Balsam Fir Forest,,,Peaty Eastern White Cedar - Balsam Fir Forest
summary,NA,NA,NA,NA,NA,-1.5159526992054415,-1.5080455510479085,0.06498813975541579,-1.6271548117870287,-1.3773388170041814,0.21959889650573594,0.22179714989637828,0.014554356680354678,0.19648863119738735,0.25225061895407075,0.5148421214903064,0.5162728961960307,0.009527415245907545,0.4996874218183358,0.5322455025515652,0.5148421214903064,0.5162728961960307,0.009527415245907554,0.4996874218183358,0.5322455025515652,SSP2-4.5 2071-2100,2071-2100,RP1,White or Red Pine Forest,,,White or Red Pine Forest
summary,NA,NA,NA,NA,NA,-1.4617997355431913,-1.4671646569096313,0.06348330741523842,-1.5750978494194947,-1.345658973441418,0.23182047189821808,0.2310241475826775,0.014502351166782713,0.20718775260713268,0.26037177377809473,0.5572473108147449,0.5578355851438037,0.005982570493034513,0.5490273760518696,0.5694627746862391,0.5572473108147449,0.5578355851438037,0.005982570493034513,0.5490273760518696,0.5694627746862391,SSP2-4.5 2071-2100,2071-2100,RS2,Balsam Fir - Black Spruce Forest,,,Balsam Fir - Black Spruce Forest
summary,NA,NA,NA,NA,NA,-2.540744108612685,-2.544442630799124,0.059014105486320904,-2.661807915174193,-2.4215421862893853,0.07880774572632955,0.07864858718126719,0.004622347057446836,0.06984781318641078,0.0887887108748851,0.4516448361810317,0.45154006921503725,0.002552681970605503,0.4475124833034483,0.45644191380385457,0.4516448361810317,0.45154006921503725,0.002552681970605503,0.4475124833034483,0.45644191380385457,SSP3-7.0 2011-2040,2011-2040,FE3,Sugar Maple - Yellow Birch Forest,,,Sugar Maple - Yellow Birch Forest
summary,NA,NA,NA,NA,NA,-3.296282773792708,-3.2964358611185967,0.05637471651700784,-3.3771211196938435,-3.1917126459811502,0.03702052750550011,0.03707223462719342,0.002116786464247403,0.03414562015644156,0.04110473220312885,0.3146193655437246,0.31433391159027474,0.0025508351809350994,0.31030093996848784,0.31857329015876107,0.31461936554372466,0.3143339115902748,0.002550835180935097,0.31030093996848784,0.31857329015876107,SSP3-7.0 2011-2040,2011-2040,FE6,Sugar Maple - Red Oak Forest,,,Sugar Maple - Red Oak Forest
summary,NA,NA,NA,NA,NA,-1.3849475427707105,-1.3955090193432815,0.038164218207417104,-1.4716795297148917,-1.3446548052294147,0.2503371902368191,0.24787984179620634,0.009338298012222012,0.2295396853034451,0.2606376316125254,0.4908488857020515,0.49057671919733753,0.0033515202590586705,0.48405139268350345,0.49571205980797106,0.4908488857020515,0.49057671919733753,0.0033515202590586705,0.48405139268350345,0.49571205980797106,SSP3-7.0 2011-2040,2011-2040,ME1,Black Spruce - Trembling Aspen Forest,,,Black Spruce - Trembling Aspen Forest
summary,NA,NA,NA,NA,NA,-1.5026822244207976,-1.4988217451439578,0.034286511521118106,-1.5538536229329138,-1.4447414098065292,0.22253247763956913,0.2235203742682188,0.007682329425380369,0.2114323671535434,0.23584090075691894,0.5271214862565412,0.5268947425413619,0.0031652725665182856,0.5204005362311015,0.5322461404799705,0.5271214862565412,0.5268947425413619,0.0031652725665182856,0.5204005362311015,0.5322461404799705,SSP3-7.0 2011-2040,2011-2040,MS6,Balsam Fir - Red Maple Forest,,,Balsam Fir - Red Maple Forest
summary,NA,NA,NA,NA,NA,-2.6918444134161126,-2.690196439523813,0.06087638851740133,-2.8213396963457025,-2.5588935070616023,0.06775593251022863,0.06798918354698212,0.004139190056761724,0.059527018787117275,0.07739047370018112,0.41952779096601645,0.4190601672999191,0.0023919395372317006,0.41294812523888674,0.421981793227441,0.41952779096601645,0.4190601672999191,0.0023919395372317006,0.41294812523888674,0.421981793227441,SSP3-7.0 2011-2040,2011-2040,MS1,Balsam Fir - Yellow Birch Forest,,,Balsam Fir - Yellow Birch Forest
summary,NA,NA,NA,NA,NA,-1.311367964143784,-1.3145874357587422,0.039339974825642526,-1.385352263168339,-1.2468875940522746,0.26945168846329737,0.2687855115723651,0.010529979285537967,0.25023592689334484,0.2873981687626238,0.538708853868955,0.5379002407790611,0.0037061659791162234,0.5310832992735248,0.5441222767595281,0.538708853868955,0.5379002407790611,0.0037061659791162234,0.5310832992735248,0.5441222767595281,SSP3-7.0 2011-2040,2011-2040,MS2,Balsam Fir - Paper Birch Forest,,,Balsam Fir - Paper Birch Forest
summary,NA,NA,NA,NA,NA,-2.222170384205161,-2.2360346942599345,0.06345468627872121,-2.3537801557090514,-2.1371953640396404,0.10837382178753233,0.10708894229098562,0.006765651178255686,0.09501359679899299,0.11806150110735611,0.452715319072399,0.45183097722306165,0.00293705160847156,0.44659707597141673,0.4563614888161072,0.452715319072399,0.45183097722306165,0.00293705160847156,0.44659707597141673,0.4563614888161072,SSP3-7.0 2011-2040,2011-2040,RE2,Black Spruce - Moss or Heath Forest,,,Black Spruce - Moss or Heath Forest
summary,NA,NA,NA,NA,NA,-2.5587136366810337,-2.584632890145077,0.11365785041852866,-2.8044605163230174,-2.4428551599718134,0.07740687075008762,0.0758833938575404,0.008292242732026897,0.060616229067075714,0.0869173516696284,0.35407759775400427,0.3538917030883561,0.0028352625517906425,0.3479366228972788,0.35832757310504854,0.35407759775400427,0.3538917030883561,0.0028352625517906425,0.3479366228972788,0.35832757310504854,SSP3-7.0 2011-2040,2011-2040,RC3,Peaty Eastern White Cedar - Balsam Fir Forest,,,Peaty Eastern White Cedar - Balsam Fir Forest
summary,NA,NA,NA,NA,NA,-2.706542779942761,-2.6981452353862876,0.07871644357375913,-2.8219302715401207,-2.559875879760052,0.06677131856335172,0.06753272846109612,0.00533921165096788,0.05949325010938358,0.07731863397701476,0.35109604665513827,0.35067956200547956,0.003915792637068128,0.3424778304305689,0.35756260934573514,0.35109604665513827,0.35067956200547956,0.003915792637068139,0.3424778304305689,0.35756260934573514,SSP3-7.0 2011-2040,2011-2040,RP1,White or Red Pine Forest,,,White or Red Pine Forest
summary,NA,NA,NA,NA,NA,-1.311367964143784,-1.3145874357587422,0.039339974825642526,-1.385352263168339,-1.2468875940522746,0.26945168846329737,0.2687855115723651,0.010529979285537967,0.25023592689334484,0.2873981687626238,0.538708853868955,0.5379002407790611,0.0037061659791162234,0.5310832992735248,0.5441222767595281,0.538708853868955,0.5379002407790611,0.0037061659791162234,0.5310832992735248,0.5441222767595281,SSP3-7.0 2011-2040,2011-2040,RS2,Balsam Fir - Black Spruce Forest,,,Balsam Fir - Black Spruce Forest
summary,NA,NA,NA,NA,NA,-1.7094343152674734,-1.7029871433456671,0.050297444733101826,-1.792634247684096,-1.615289451270385,0.18096823507002055,0.18236232631168903,0.00923018775825361,0.16652638274490753,0.19889927604671692,0.565116291584953,0.5649213501556404,0.004862243734055058,0.5581515805434287,0.5753423191201095,0.565116291584953,0.5649213501556404,0.004862243734055058,0.5581515805434287,0.5753423191201095,SSP3-7.0 2041-2070,2041-2070,FE3,Sugar Maple - Yellow Birch Forest,,,Sugar Maple - Yellow Birch Forest
summary,NA,NA,NA,NA,NA,-2.171560481197952,-2.1759443329155146,0.05544791211130477,-2.2679365987007425,-2.0546161387270887,0.1139998316948439,0.11367045100937331,0.006348707950040276,0.10352950593794444,0.12814320360926662,0.4505739301622142,0.45047023488892496,0.004469362070814104,0.44282989839975717,0.45914364237735317,0.45057393016221425,0.45047023488892496,0.004469362070814098,0.4428298983997572,0.45914364237735317,SSP3-7.0 2041-2070,2041-2070,FE6,Sugar Maple - Red Oak Forest,,,Sugar Maple - Red Oak Forest
summary,NA,NA,NA,NA,NA,-1.4352003928555686,-1.4433241389657134,0.05404249395985815,-1.5715486944542854,-1.3711425595729998,0.23806775692014698,0.2364667853546089,0.012316853169666627,0.20779018154201484,0.25382842321107174,0.5033960935468251,0.5017425794097313,0.0053767849519970315,0.49082686119380436,0.5085920625118642,0.5033960935468251,0.5017425794097313,0.0053767849519970315,0.49082686119380436,0.5085920625118642,SSP3-7.0 2041-2070,2041-2070,ME1,Black Spruce - Trembling Aspen Forest,,,Black Spruce - Trembling Aspen Forest
summary,NA,NA,NA,NA,NA,-0.9932321325890053,-0.9887732739153081,0.02561047900804693,-1.022951411068332,-0.9331966904185461,0.3703776713101396,0.3721514674565138,0.009618446426595878,0.35953243013823605,0.3932962850223346,0.6243884633365241,0.6249015018740877,0.00541036131541849,0.6168280091798534,0.6346728145461471,0.6243884633365241,0.6249015018740877,0.00541036131541849,0.6168280091798534,0.6346728145461471,SSP3-7.0 2041-2070,2041-2070,MS6,Balsam Fir - Red Maple Forest,,,Balsam Fir - Red Maple Forest
summary,NA,NA,NA,NA,NA,-1.8336809399249208,-1.831036531471674,0.05124137533373567,-1.9108422375938792,-1.7487982618181517,0.15982440087381916,0.16045087515674974,0.008223205430254328,0.14796460526686755,0.1739897667892449,0.5340283563424153,0.5335539893596055,0.005020746225254059,0.5259056752184993,0.5438838402295718,0.5340283563424153,0.5335539893596055,0.005020746225254059,0.5259056752184993,0.5438838402295718,SSP3-7.0 2041-2070,2041-2070,MS1,Balsam Fir - Yellow Birch Forest,,,Balsam Fir - Yellow Birch Forest
summary,NA,NA,NA,NA,NA,-1.369664070570059,-1.3773086293908587,0.06230989297188946,-1.5290641117006885,-1.2816104856750918,0.2541925937846423,0.25271915068508843,0.015209848727441619,0.2168117751701466,0.27758992654864434,0.5491141194573537,0.5490655349023081,0.0049639196881450945,0.5396259368428215,0.5561859216947175,0.5491141194573537,0.5490655349023081,0.0049639196881450945,0.5396259368428215,0.5561859216947175,SSP3-7.0 2041-2070,2041-2070,MS2,Balsam Fir - Paper Birch Forest,,,Balsam Fir - Paper Birch Forest
summary,NA,NA,NA,NA,NA,-2.5233291206041626,-2.5371226433385567,0.06559944889454913,-2.6308161616176133,-2.4199956268012,0.08019220449515647,0.07925850821921122,0.0052089172121999525,0.07201974943017363,0.08892318194010401,0.4387187458625278,0.43790230311361206,0.004433816095570297,0.4297542265455281,0.44448724484794766,0.4387187458625278,0.43790230311361206,0.004433816095570297,0.4297542265455281,0.44448724484794766,SSP3-7.0 2041-2070,2041-2070,RE2,Black Spruce - Moss or Heath Forest,,,Black Spruce - Moss or Heath Forest
summary,NA,NA,NA,NA,NA,-2.517782220437806,-2.538355668466582,0.13627084367379985,-2.7789049082105146,-2.322819741455449,0.08063831347484149,0.07970301796224095,0.010779444443166112,0.06210993062647363,0.09817546624916504,0.3701397328216065,0.3703140427459083,0.00395246085954726,0.363099752658268,0.3765586724047704,0.3701397328216065,0.3703140427459083,0.00395246085954726,0.363099752658268,0.3765586724047704,SSP3-7.0 2041-2070,2041-2070,RC3,Peaty Eastern White Cedar - Balsam Fir Forest,,,Peaty Eastern White Cedar - Balsam Fir Forest
summary,NA,NA,NA,NA,NA,-1.8029236463922937,-1.80522729110356,0.03848481376070831,-1.8765982743750085,-1.7310736746409954,0.16481681916771468,0.16455507692744975,0.006355814247502824,0.15311145564460601,0.17712301571845931,0.467890208404521,0.467732065292572,0.006673630060272492,0.45532623932684535,0.4786342427936976,0.46789020840452095,0.46773206529257194,0.0066736300602724926,0.45532623932684535,0.4786342427936976,SSP3-7.0 2041-2070,2041-2070,RP1,White or Red Pine Forest,,,White or Red Pine Forest
summary,NA,NA,NA,NA,NA,-1.369664070570059,-1.3773086293908587,0.06230989297188946,-1.5290641117006885,-1.2816104856750918,0.2541925937846423,0.25271915068508843,0.015209848727441619,0.2168117751701466,0.27758992654864434,0.5491141194573537,0.5490655349023081,0.0049639196881450945,0.5396259368428215,0.5561859216947175,0.5491141194573537,0.5490655349023081,0.0049639196881450945,0.5396259368428215,0.5561859216947175,SSP3-7.0 2041-2070,2041-2070,RS2,Balsam Fir - Black Spruce Forest,,,Balsam Fir - Black Spruce Forest
summary,NA,NA,NA,NA,NA,-0.8597508719499152,-0.8551573097382805,0.04047434992353299,-0.9306267066065559,-0.7618120473114136,0.4232675466493392,0.42555445282161986,0.01733807806581052,0.39433325457190554,0.46682573773997915,0.7133667509988872,0.7111680847338231,0.0064003621805666,0.6973574976981987,0.7193491563550188,0.7133667509988872,0.7111680847338231,0.0064003621805666,0.6973574976981987,0.7193491563550188,SSP3-7.0 2071-2100,2071-2100,FE3,Sugar Maple - Yellow Birch Forest,,,Sugar Maple - Yellow Birch Forest
summary,NA,NA,NA,NA,NA,-1.114101044420251,-1.1110875842915482,0.0418298188284878,-1.1796957073445502,-1.037817871252476,0.32821060996526236,0.32948060910004245,0.013894793435614889,0.3074590023868282,0.35439621489326284,0.6246919443209018,0.6256524498971753,0.006469093465269688,0.6145145239934415,0.6377341572812408,0.6246919443209018,0.6256524498971754,0.00646909346526969,0.6145145239934416,0.6377341572812408,SSP3-7.0 2071-2100,2071-2100,FE6,Sugar Maple - Red Oak Forest,,,Sugar Maple - Red Oak Forest
summary,NA,NA,NA,NA,NA,-1.658810936688334,-1.6704301343671122,0.07570448117136533,-1.7921656360629563,-1.5337847675273,0.1903652216336392,0.18868867593207242,0.014327546193092422,0.16665293322837266,0.21579781278627777,0.5267923921523677,0.5260934532376904,0.007696288723890694,0.5103324429924713,0.5370559181788894,0.5267923921523677,0.5260934532376904,0.007696288723890694,0.5103324429924713,0.5370559181788894,SSP3-7.0 2071-2100,2071-2100,ME1,Black Spruce - Trembling Aspen Forest,,,Black Spruce - Trembling Aspen Forest
summary,NA,NA,NA,NA,NA,-0.5560700109079293,-0.5552572112931892,0.023098860522767033,-0.5989565789680942,-0.510691809546513,0.5734583261349728,0.5740724312907658,0.013232820967977127,0.5493930151140856,0.6000806179113459,0.7377408356924233,0.7381432943526985,0.006970925345428712,0.7260662098958445,0.7493918013615551,0.7377408356924233,0.7381432943526985,0.006970925345428712,0.7260662098958445,0.7493918013615551,SSP3-7.0 2071-2100,2071-2100,MS6,Balsam Fir - Red Maple Forest,,,Balsam Fir - Red Maple Forest
summary,NA,NA,NA,NA,NA,-0.9404516015815696,-0.9435972461998152,0.04289262411151966,-1.0317469274456057,-0.8535553573207525,0.39045147003058966,0.38957077000725254,0.01667201399364851,0.3563986182864687,0.42590164779928585,0.6860467138781361,0.684576383198514,0.006946560034282701,0.6715141657237451,0.694029914658626,0.6860467138781361,0.684576383198514,0.006946560034282701,0.6715141657237451,0.694029914658626,SSP3-7.0 2071-2100,2071-2100,MS1,Balsam Fir - Yellow Birch Forest,,,Balsam Fir - Yellow Birch Forest
summary,NA,NA,NA,NA,NA,-1.5994200758254085,-1.6047851413778118,0.07294477629019162,-1.7250054577284444,-1.4916604067248047,0.202013664606776,0.20144859598868634,0.014642912933751282,0.17825100826737003,0.22508093609894575,0.5713923505388603,0.5721509224165823,0.00623296401427424,0.5630102403178039,0.5833916049783345,0.5713923505388603,0.5721509224165823,0.00623296401427424,0.5630102403178039,0.5833916049783345,SSP3-7.0 2071-2100,2071-2100,MS2,Balsam Fir - Paper Birch Forest,,,Balsam Fir - Paper Birch Forest
summary,NA,NA,NA,NA,NA,-3.0662998401851507,-3.056392907979887,0.07111306423782728,-3.1684379223125148,-2.9352052512329068,0.04659342094112351,0.04717423300782484,0.003446267684955555,0.04207642972939122,0.053212882225341394,0.428254282478601,0.42946386637350487,0.004823679571794416,0.4206747414482651,0.43690336183164513,0.428254282478601,0.42946386637350487,0.004823679571794416,0.4206747414482651,0.43690336183164513,SSP3-7.0 2071-2100,2071-2100,RE2,Black Spruce - Moss or Heath Forest,,,Black Spruce - Moss or Heath Forest
summary,NA,NA,NA,NA,NA,-2.666115984285248,-2.669677393863778,0.13958690793349043,-2.899010816191934,-2.4147228197160917,0.06952176724494835,0.06994396816545997,0.010137688256173429,0.05508307877817796,0.08972148234551884,0.4069965900019582,0.4075004444206323,0.005510834276730544,0.3981572785409027,0.4161260782387226,0.4069965900019582,0.4075004444206323,0.005510834276730544,0.3981572785409027,0.4161260782387226,SSP3-7.0 2071-2100,2071-2100,RC3,Peaty Eastern White Cedar - Balsam Fir Forest,,,Peaty Eastern White Cedar - Balsam Fir Forest
summary,NA,NA,NA,NA,NA,-1.0037005710359428,-1.012903499917037,0.04649761452524575,-1.1032405286329188,-0.9525010042344184,0.3665221059753176,0.3635376585128129,0.016574805254366404,0.3318971967147593,0.3857840585359139,0.6139063844414885,0.6126394605152471,0.009011527712659832,0.5951288634743944,0.6272248820605316,0.6139063844414885,0.6126394605152471,0.00901152771265984,0.5951288634743943,0.6272248820605316,SSP3-7.0 2071-2100,2071-2100,RP1,White or Red Pine Forest,,,White or Red Pine Forest
summary,NA,NA,NA,NA,NA,-1.5994200758254085,-1.6047851413778118,0.07294477629019162,-1.7250054577284444,-1.4916604067248047,0.202013664606776,0.20144859598868634,0.014642912933751282,0.17825100826737003,0.22508093609894575,0.5713923505388603,0.5721509224165823,0.00623296401427424,0.5630102403178039,0.5833916049783345,0.5713923505388603,0.5721509224165823,0.00623296401427424,0.5630102403178039,0.5833916049783345,SSP3-7.0 2071-2100,2071-2100,RS2,Balsam Fir - Black Spruce Forest,,,Balsam Fir - Black Spruce Forest
summary,NA,NA,NA,NA,NA,-2.382812519879365,-2.3980005525825328,0.05038056260241632,-2.490439327581284,-2.3258436425487368,0.09229064289327735,0.09101016102290425,0.004528139554122588,0.08287792726858528,0.09770133107538859,0.4662313039241398,0.4662567841262009,0.0040612131655121675,0.4597959187063385,0.4748728686652117,0.4662313039241398,0.4662567841262009,0.0040612131655121675,0.4597959187063385,0.4748728686652117,SSP5-8.5 2011-2040,2011-2040,FE3,Sugar Maple - Yellow Birch Forest,,,Sugar Maple - Yellow Birch Forest
summary,NA,NA,NA,NA,NA,-3.08271436848882,-3.0828468267629012,0.06531692344830371,-3.2269855803946648,-2.992301343787434,0.045834679992836413,0.04592189029755137,0.002939359091909828,0.03967696892007717,0.0501719623766019,0.3338101777551691,0.334750247671111,0.003444749996229884,0.32952557874714067,0.34054385176228913,0.3338101777551692,0.334750247671111,0.0034447499962298807,0.32952557874714067,0.34054385176228913,SSP5-8.5 2011-2040,2011-2040,FE6,Sugar Maple - Red Oak Forest,,,Sugar Maple - Red Oak Forest
summary,NA,NA,NA,NA,NA,-1.397892603321789,-1.39803030084739,0.039896563000864194,-1.5004868377784912,-1.3287480219061523,0.24711756987209754,0.24727119043587517,0.009704711966014854,0.2230241092615534,0.2648090613075361,0.4921026377005956,0.4926037998655268,0.0028099687821510743,0.489043764164928,0.49922186131796165,0.4921026377005956,0.4926037998655268,0.0028099687821510743,0.489043764164928,0.49922186131796165,SSP5-8.5 2011-2040,2011-2040,ME1,Black Spruce - Trembling Aspen Forest,,,Black Spruce - Trembling Aspen Forest
summary,NA,NA,NA,NA,NA,-1.4440023847336105,-1.4426179974176963,0.026380582530641218,-1.4964635961452628,-1.3988253472583851,0.23598140083795904,0.2363876059660818,0.0062154676189083175,0.22393502644052907,0.24689332018093008,0.5375000246500223,0.538574446982751,0.0031733553673017898,0.5333657309751683,0.5442690650414561,0.5375000246500223,0.538574446982751,0.0031733553673017898,0.5333657309751683,0.5442690650414561,SSP5-8.5 2011-2040,2011-2040,MS6,Balsam Fir - Red Maple Forest,,,Balsam Fir - Red Maple Forest
summary,NA,NA,NA,NA,NA,-2.563811906495942,-2.5669973865966935,0.04918862292297046,-2.6693975990194545,-2.4938636929047866,0.07701110526917954,0.07685499490350693,0.003748439236867047,0.06929457658518802,0.08259064458944657,0.4307397672733499,0.43106076086539885,0.004410703247023446,0.4235979851212057,0.43864875021976485,0.4307397672733499,0.43106076086539885,0.004410703247023446,0.4235979851212057,0.43864875021976485,SSP5-8.5 2011-2040,2011-2040,MS1,Balsam Fir - Yellow Birch Forest,,,Balsam Fir - Yellow Birch Forest
summary,NA,NA,NA,NA,NA,-1.3462000898581121,-1.345815432064657,0.04316598647057145,-1.4330797037970755,-1.2612917552747795,0.26022832420011915,0.2605621883724367,0.011273000705777836,0.23857325906615967,0.2832903006390297,0.5378295075374029,0.5374623969606868,0.0028321573373525258,0.5328722313604299,0.5423807410717056,0.5378295075374029,0.5374623969606868,0.0028321573373525258,0.5328722313604299,0.5423807410717056,SSP5-8.5 2011-2040,2011-2040,MS2,Balsam Fir - Paper Birch Forest,,,Balsam Fir - Paper Birch Forest
summary,NA,NA,NA,NA,NA,-2.238227684145932,-2.2454949331088523,0.06445373968743286,-2.3534044751261565,-2.135640694361857,0.10664869516850625,0.10608840310305272,0.006866386408093926,0.095045060878692,0.11821875753450203,0.45023986275725647,0.4507208545642383,0.0026599682263082204,0.44685156969671336,0.4556939339322041,0.45023986275725647,0.4507208545642383,0.0026599682263082204,0.44685156969671336,0.4556939339322041,SSP5-8.5 2011-2040,2011-2040,RE2,Black Spruce - Moss or Heath Forest,,,Black Spruce - Moss or Heath Forest
summary,NA,NA,NA,NA,NA,-2.617843422995522,-2.6261325870175214,0.10079479805911591,-2.8032058798569164,-2.4638753889226805,0.07297883752724776,0.07271232220663426,0.007290336217790919,0.06061607364048882,0.08514631908668134,0.35516523974347014,0.3550787258832573,0.0025878606833001057,0.35028439202933226,0.35933436241584826,0.35516523974347014,0.3550787258832573,0.0025878606833001057,0.35028439202933226,0.35933436241584826,SSP5-8.5 2011-2040,2011-2040,RC3,Peaty Eastern White Cedar - Balsam Fir Forest,,,Peaty Eastern White Cedar - Balsam Fir Forest
summary,NA,NA,NA,NA,NA,-2.513434966648873,-2.5139933432282393,0.06714315964155057,-2.6275614665706084,-2.4171187976971074,0.08098972994852252,0.08111990859355475,0.005401138631808065,0.07225866276253262,0.08917819348627107,0.37021331708582567,0.37025997106696484,0.003922571176593931,0.3632345808834215,0.37776615104966427,0.3702133170858256,0.3702599710669648,0.003922571176593932,0.3632345808834214,0.37776615104966427,SSP5-8.5 2011-2040,2011-2040,RP1,White or Red Pine Forest,,,White or Red Pine Forest
summary,NA,NA,NA,NA,NA,-1.3462000898581121,-1.345815432064657,0.04316598647057145,-1.4330797037970755,-1.2612917552747795,0.26022832420011915,0.2605621883724367,0.011273000705777836,0.23857325906615967,0.2832903006390297,0.5378295075374029,0.5374623969606868,0.0028321573373525258,0.5328722313604299,0.5423807410717056,0.5378295075374029,0.5374623969606868,0.0028321573373525258,0.5328722313604299,0.5423807410717056,SSP5-8.5 2011-2040,2011-2040,RS2,Balsam Fir - Black Spruce Forest,,,Balsam Fir - Black Spruce Forest
summary,NA,NA,NA,NA,NA,-1.4264190032065585,-1.4275437860073192,0.04859893192642573,-1.5129675644566918,-1.3482362821088094,0.24016922819819758,0.24017058149875337,0.011619627802974769,0.22026176442085413,0.25970067356288823,0.6061683143882315,0.6054882563488421,0.005721383775834961,0.5958472087487464,0.6148778192274156,0.6061683143882315,0.6054882563488421,0.005721383775834961,0.5958472087487464,0.6148778192274156,SSP5-8.5 2041-2070,2041-2070,FE3,Sugar Maple - Yellow Birch Forest,,,Sugar Maple - Yellow Birch Forest
summary,NA,NA,NA,NA,NA,-1.8373238357605937,-1.846558717665769,0.05387057952913237,-1.9446955632286285,-1.7744171029002973,0.15924371301164,0.1579986363947693,0.008396559171799264,0.1430311781818404,0.1695825456370825,0.4947114097040586,0.49501431805905916,0.004952748371837544,0.4874168711854867,0.5045594461772295,0.49471140970405864,0.49501431805905916,0.004952748371837553,0.4874168711854867,0.5045594461772295,SSP5-8.5 2041-2070,2041-2070,FE6,Sugar Maple - Red Oak Forest,,,Sugar Maple - Red Oak Forest
summary,NA,NA,NA,NA,NA,-1.5187536024316368,-1.5282976178714602,0.07273788651662812,-1.6759168715221269,-1.4184261183565865,0.21898570881446672,0.21745105494342537,0.015456859273797165,0.18723593857236914,0.24209698009494746,0.5076259234334668,0.5073164548506829,0.005237648967921459,0.4974138836475068,0.5155636372161891,0.5076259234334668,0.5073164548506829,0.005237648967921459,0.4974138836475068,0.5155636372161891,SSP5-8.5 2041-2070,2041-2070,ME1,Black Spruce - Trembling Aspen Forest,,,Black Spruce - Trembling Aspen Forest
summary,NA,NA,NA,NA,NA,-0.8457566387025398,-0.8427976740028504,0.026388175431764332,-0.8783846121088577,-0.7940980613404918,0.42923251873084933,0.43064986280428297,0.011425890328714895,0.41545397451816035,0.45198916099110353,0.656317787438526,0.6570354607813553,0.00561003321442742,0.6481838966090446,0.6680631101459099,0.656317787438526,0.6570354607813553,0.00561003321442742,0.6481838966090446,0.6680631101459099,SSP5-8.5 2041-2070,2041-2070,MS6,Balsam Fir - Red Maple Forest,,,Balsam Fir - Red Maple Forest
summary,NA,NA,NA,NA,NA,-1.5289241036270385,-1.5394228461270734,0.05079191228427761,-1.621031085410173,-1.4648499605064296,0.21676901492273218,0.21477186882894256,0.010871047917052875,0.19769640863280136,0.23111901611312724,0.5745541767508081,0.5751579203829877,0.005692963403074261,0.564598682330717,0.5848033065882869,0.5745541767508081,0.5751579203829877,0.005692963403074261,0.564598682330717,0.5848033065882869,SSP5-8.5 2041-2070,2041-2070,MS1,Balsam Fir - Yellow Birch Forest,,,Balsam Fir - Yellow Birch Forest
summary,NA,NA,NA,NA,NA,-1.4629423873581524,-1.466266463375973,0.07605186521646302,-1.6293103436467513,-1.3663589522772976,0.23155753140723007,0.23141825903844532,0.017077010382709826,0.19614091550707366,0.25503394422808046,0.5535766459246699,0.5535589397550076,0.005611602232334741,0.5440905607787,0.5622117415754346,0.5535766459246699,0.5535589397550076,0.005611602232334741,0.5440905607787,0.5622117415754346,SSP5-8.5 2041-2070,2041-2070,MS2,Balsam Fir - Paper Birch Forest,,,Balsam Fir - Paper Birch Forest
summary,NA,NA,NA,NA,NA,-2.7057177298937884,-2.704314576870682,0.07642046268334579,-2.8245527077127304,-2.5756103408928306,0.06682256012875146,0.0671052530466261,0.005127965191433589,0.05934888444299513,0.0761114595513259,0.4350208359301203,0.43403115651109847,0.0043289673678875975,0.42558840134252746,0.44034021177741167,0.4350208359301203,0.43403115651109847,0.0043289673678875975,0.42558840134252746,0.44034021177741167,SSP5-8.5 2041-2070,2041-2070,RE2,Black Spruce - Moss or Heath Forest,,,Black Spruce - Moss or Heath Forest
summary,NA,NA,NA,NA,NA,-2.537884867827084,-2.577107594282336,0.14341442867417772,-2.85369158797668,-2.337426721396001,0.07903357390738155,0.07673875648124466,0.010755557825499858,0.05765440607724182,0.09668874155738444,0.37721137336686816,0.37822584882884447,0.00601930119212326,0.36887271957010426,0.39013031486744965,0.37721137336686816,0.37822584882884447,0.00601930119212326,0.36887271957010426,0.39013031486744965,SSP5-8.5 2041-2070,2041-2070,RC3,Peaty Eastern White Cedar - Balsam Fir Forest,,,Peaty Eastern White Cedar - Balsam Fir Forest
summary,NA,NA,NA,NA,NA,-1.5874629802990001,-1.5780941769515013,0.06061037605814171,-1.6768934799020152,-1.470983183899732,0.20444365543368306,0.2067374424364297,0.012675578267647104,0.18696041262463028,0.22976957327303904,0.5024381443236053,0.5023301010978936,0.006756138036718772,0.4916291209987567,0.5150865426405082,0.5024381443236053,0.5023301010978936,0.006756138036718763,0.4916291209987567,0.5150865426405081,SSP5-8.5 2041-2070,2041-2070,RP1,White or Red Pine Forest,,,White or Red Pine Forest
summary,NA,NA,NA,NA,NA,-1.4629423873581524,-1.466266463375973,0.07605186521646302,-1.6293103436467513,-1.3663589522772976,0.23155753140723007,0.23141825903844532,0.017077010382709826,0.19614091550707366,0.25503394422808046,0.5535766459246699,0.5535589397550076,0.005611602232334741,0.5440905607787,0.5622117415754346,0.5535766459246699,0.5535589397550076,0.005611602232334741,0.5440905607787,0.5622117415754346,SSP5-8.5 2041-2070,2041-2070,RS2,Balsam Fir - Black Spruce Forest,,,Balsam Fir - Black Spruce Forest
summary,NA,NA,NA,NA,NA,-0.5413994726124461,-0.5511527172905986,0.034730964811485715,-0.6225559144433561,-0.4999145064072888,0.5819346114392026,0.5766185965766807,0.019798305230707667,0.5365810299172675,0.6066417803893813,0.7808141282729664,0.7803111362993229,0.008304460008165706,0.7662187055206483,0.7940800969596851,0.7808141282729664,0.7803111362993229,0.008304460008165706,0.7662187055206483,0.7940800969596851,SSP5-8.5 2071-2100,2071-2100,FE3,Sugar Maple - Yellow Birch Forest,,,Sugar Maple - Yellow Birch Forest
summary,NA,NA,NA,NA,NA,-0.7418978456466561,-0.7438210455634969,0.04586239074850346,-0.8121239607243413,-0.6632751275271311,0.47621503583664215,0.47577878917089667,0.021893272715017193,0.44391811285298116,0.5151617004671043,0.7091540833336356,0.7102775684694478,0.01013125620377094,0.6934962400713353,0.7263220009149051,0.7091540833336356,0.7102775684694478,0.010131256203770957,0.6934962400713353,0.7263220009149052,SSP5-8.5 2071-2100,2071-2100,FE6,Sugar Maple - Red Oak Forest,,,Sugar Maple - Red Oak Forest
summary,NA,NA,NA,NA,NA,-1.818146964957053,-1.8249225168494816,0.0664092854367857,-1.9581932518213405,-1.7108820571537842,0.16232626868118846,0.16157360624392123,0.010714626060812367,0.1411143862028892,0.18076133271837797,0.5448973900682083,0.5429838236504223,0.009668367704776326,0.5212061985401792,0.5570180796874242,0.5448973900682083,0.5429838236504223,0.009668367704776326,0.5212061985401792,0.5570180796874242,SSP5-8.5 2071-2100,2071-2100,ME1,Black Spruce - Trembling Aspen Forest,,,Black Spruce - Trembling Aspen Forest
summary,NA,NA,NA,NA,NA,-0.4234539975836912,-0.42797806043123127,0.028474601902516543,-0.48335208542472313,-0.3831209068638418,0.654781296643868,0.6520801292780536,0.018452391760639928,0.6167127166471488,0.6817324838571939,0.7883493733810014,0.787454358481477,0.009665324063660772,0.7658135223092131,0.8029937405740896,0.7883493733810014,0.787454358481477,0.009665324063660772,0.7658135223092131,0.8029937405740896,SSP5-8.5 2071-2100,2071-2100,MS6,Balsam Fir - Red Maple Forest,,,Balsam Fir - Red Maple Forest
summary,NA,NA,NA,NA,NA,-0.6207280714177197,-0.6281270533331648,0.03188189858804432,-0.6935269492293951,-0.5720251986407514,0.5375534231762181,0.5338513375689217,0.01691423271273319,0.4998183160353875,0.5643830388219262,0.756062265355945,0.7549944582224641,0.007205466664002728,0.7428532734599923,0.767421080388178,0.756062265355945,0.7549944582224641,0.007205466664002728,0.7428532734599923,0.767421080388178,SSP5-8.5 2071-2100,2071-2100,MS1,Balsam Fir - Yellow Birch Forest,,,Balsam Fir - Yellow Birch Forest
summary,NA,NA,NA,NA,NA,-1.7719970751556084,-1.7699103207271052,0.06924717730555865,-1.9009089453009698,-1.641053704094594,0.16999316166427936,0.17074495528575337,0.011901179788550691,0.149435093798779,0.19383413280807937,0.5872923377634394,0.5867049118279052,0.00953909610967027,0.5638256461985417,0.602586143172305,0.5872923377634394,0.5867049118279052,0.00953909610967027,0.5638256461985417,0.602586143172305,SSP5-8.5 2071-2100,2071-2100,MS2,Balsam Fir - Paper Birch Forest,,,Balsam Fir - Paper Birch Forest
summary,NA,NA,NA,NA,NA,-3.3198231148600783,-3.3275855027301806,0.07853258512725693,-3.4798350883897267,-3.226553630712923,0.036159293829120205,0.03598490496856268,0.002755620288069901,0.030820628224461383,0.03969409509739639,0.4319811519167446,0.43151644365693537,0.006082091209081793,0.417636889947419,0.4416317196059024,0.4319811519167446,0.43151644365693537,0.006082091209081793,0.417636889947419,0.4416317196059024,SSP5-8.5 2071-2100,2071-2100,RE2,Black Spruce - Moss or Heath Forest,,,Black Spruce - Moss or Heath Forest
summary,NA,NA,NA,NA,NA,-2.8060484139799446,-2.8162816433420272,0.12915707126121112,-3.0514864544244595,-2.634368438611258,0.06044390773472655,0.06030442985355081,0.007612186857670923,0.047296185908461304,0.07177881604895156,0.4267729231238771,0.42694050805837297,0.006682913406417588,0.41657501057334445,0.4379035682027738,0.4267729231238771,0.42694050805837297,0.006682913406417588,0.41657501057334445,0.4379035682027738,SSP5-8.5 2071-2100,2071-2100,RC3,Peaty Eastern White Cedar - Balsam Fir Forest,,,Peaty Eastern White Cedar - Balsam Fir Forest
summary,NA,NA,NA,NA,NA,-0.7505040509614173,-0.7505231669909318,0.06698408073673179,-0.8701912850020425,-0.6268396624531221,0.47212856778960643,0.4731444656796932,0.03171948092821216,0.4188922425719056,0.5342905372167672,0.6836005429973255,0.6843324651815467,0.01678367353176331,0.6546885132395898,0.716636442209707,0.6836005429973255,0.6843324651815467,0.016783673531763323,0.6546885132395898,0.716636442209707,SSP5-8.5 2071-2100,2071-2100,RP1,White or Red Pine Forest,,,White or Red Pine Forest
summary,NA,NA,NA,NA,NA,-1.7719970751556084,-1.7699103207271052,0.06924717730555865,-1.9009089453009698,-1.641053704094594,0.16999316166427936,0.17074495528575337,0.011901179788550691,0.149435093798779,0.19383413280807937,0.5872923377634394,0.5867049118279052,0.00953909610967027,0.5638256461985417,0.602586143172305,0.5872923377634394,0.5867049118279052,0.00953909610967027,0.5638256461985417,0.602586143172305,SSP5-8.5 2071-2100,2071-2100,RS2,Balsam Fir - Black Spruce Forest,,,Balsam Fir - Black Spruce Forest
