scenario_label,projection_horizon,species,center,mean,sd,q025,q975
Current,Baseline,ERR_n,0.2318330221150204,0.23226031673372552,0.00394223470082685,0.2250823270726026,0.24020205280692897
Current,Baseline,ERS_n,0.13356977180729768,0.1335766317537856,0.00358412306474491,0.12653108665965604,0.1387924625654911
Current,Baseline,BOJ_n,0.16473315986167003,0.16490623061078122,0.00397951904037183,0.1585386516678312,0.17262246322521946
Current,Baseline,BOP_n,0.495898071413114,0.4965692444459611,0.00556654686653287,0.4886375241923267,0.5072240037333176
Current,Baseline,EPB_n,0.3544049973929394,0.3543144892691143,0.00515717008807859,0.346132130831123,0.3625431129702782
Current,Baseline,SAB_n,0.6694059872483523,0.6698460141753193,0.00444758186721401,0.6622507050314176,0.6794481567018273
Current,Baseline,EPN_n,0.5767866535162229,0.5776388924286207,0.00443358210496912,0.5713239355070814,0.5854266976996629
Current,Baseline,THO_n,0.09708827425036516,0.0969568565568427,0.00335067007717111,0.09016756384012271,0.10391143612243917
Current,Baseline,PRP_n,0.06372964066828894,0.06358576042002148,0.00330786794566036,0.05755323119635239,0.06928742077876265
Current,Baseline,PET_n,0.1848974348798544,0.1850084541130374,0.00516430470720897,0.17531072564763198,0.1946763238224848
Current,Baseline,PIB_n,0.05931645225707492,0.05890700662690655,0.0025658873495118,0.05384196628434425,0.06219059459530411
Current,Baseline,MEL_n,0.04432695822402931,0.04410004807740624,0.00258473482775493,0.03949905168439571,0.0482820694664609
Current,Baseline,PIG_n,0.12183688506049892,0.12239972624887031,0.00336122324612971,0.11627904961747929,0.12813491113996023
SSP1-2.6 2011-2040,2011-2040,ERR_n,0.4092636255529706,0.4103584983760712,0.00719323227893227,0.39976642008062846,0.42436370904215504
SSP1-2.6 2011-2040,2011-2040,ERS_n,0.24698012555143525,0.24587014855685932,0.00754214220716744,0.23137304585204457,0.25928700418469386
SSP1-2.6 2011-2040,2011-2040,BOJ_n,0.29632104900901807,0.29516085014948296,0.00754018122940004,0.28248533316689906,0.3080568788332756
SSP1-2.6 2011-2040,2011-2040,BOP_n,0.5553463089982194,0.5568512472543667,0.00650034636986922,0.5475679742749979,0.5683750467190872
SSP1-2.6 2011-2040,2011-2040,EPB_n,0.4273031847950858,0.42825060966631234,0.00590067110314404,0.4177926254682894,0.43719301342358
SSP1-2.6 2011-2040,2011-2040,SAB_n,0.7419932622314751,0.7422184150389671,0.00487283143324779,0.7347897858939045,0.7520282623303391
SSP1-2.6 2011-2040,2011-2040,EPN_n,0.4288461926644435,0.4290506970822948,0.00692063459645104,0.415752233997724,0.4414730617811195
SSP1-2.6 2011-2040,2011-2040,THO_n,0.21259059866348728,0.2088345500661159,0.01053612622760939,0.1908547487938296,0.22654026691758897
SSP1-2.6 2011-2040,2011-2040,PRP_n,0.09292165589523788,0.09369304761881549,0.00678239991279936,0.08464148770662401,0.10708838657470672
SSP1-2.6 2011-2040,2011-2040,PET_n,0.2395379313270984,0.24030916902158447,0.00660678589362192,0.23016045085329284,0.25514213141259084
SSP1-2.6 2011-2040,2011-2040,PIB_n,0.104473740760168,0.10598782990807272,0.00698355228302299,0.0941028060726797,0.11783001019106502
SSP1-2.6 2011-2040,2011-2040,MEL_n,0.04147288145487508,0.04145732300692045,0.00365944659976694,0.03492358429934035,0.04754770549617491
SSP1-2.6 2011-2040,2011-2040,PIG_n,0.07586979055400458,0.07590737607608751,0.00349213731701953,0.07087389899105181,0.08201354550631243
SSP1-2.6 2041-2070,2041-2070,ERR_n,0.5197055507923953,0.520605661570225,0.00783450279297438,0.5087327675419916,0.533486034634951
SSP1-2.6 2041-2070,2041-2070,ERS_n,0.3305568461772451,0.33256418222504347,0.01288445060157869,0.31383622366912794,0.35291461297545346
SSP1-2.6 2041-2070,2041-2070,BOJ_n,0.3854633195159761,0.3864548043645292,0.00860722130649678,0.3739295566607191,0.4044926635212893
SSP1-2.6 2041-2070,2041-2070,BOP_n,0.5928085668870654,0.5963944386176989,0.00960548623929524,0.5807138413149502,0.615503363755995
SSP1-2.6 2041-2070,2041-2070,EPB_n,0.46952819529027223,0.4704223026267585,0.00928953198876417,0.455660936231349,0.4861894930067778
SSP1-2.6 2041-2070,2041-2070,SAB_n,0.7704376241617388,0.7706807066725921,0.00787310236470345,0.7569954254928716,0.7865319547699138
SSP1-2.6 2041-2070,2041-2070,EPN_n,0.343682957844402,0.34351122900148734,0.00666607184906863,0.3325549459890317,0.3541022529464618
SSP1-2.6 2041-2070,2041-2070,THO_n,0.30539819846322563,0.3039912585997383,0.00956964162300443,0.28702651085483655,0.320070018943861
SSP1-2.6 2041-2070,2041-2070,PRP_n,0.11769480617160576,0.11759493628959757,0.00860545774093464,0.10303605912470384,0.1353515455213535
SSP1-2.6 2041-2070,2041-2070,PET_n,0.28353907146263346,0.2818022404527061,0.01035552841982044,0.26075307097495803,0.2983354436536706
SSP1-2.6 2041-2070,2041-2070,PIB_n,0.15019435890205762,0.15066885998012824,0.00903518375930526,0.1355347959518569,0.16714914731119326
SSP1-2.6 2041-2070,2041-2070,MEL_n,0.04035660214017961,0.04063028900337662,0.0037398511578645,0.034041671684372,0.04724962428554717
SSP1-2.6 2041-2070,2041-2070,PIG_n,0.06174883767455387,0.06158046078672311,0.00422018672605478,0.05433648215557704,0.06768365167859888
SSP1-2.6 2071-2100,2071-2100,ERR_n,0.510612554121706,0.509398741957806,0.00921765669343415,0.491202132771438,0.5251119390689728
SSP1-2.6 2071-2100,2071-2100,ERS_n,0.3232386553732266,0.32483784240647223,0.00921710156668792,0.3097255216833798,0.34188498232798087
SSP1-2.6 2071-2100,2071-2100,BOJ_n,0.37741906068009734,0.3773193478347975,0.01019221867033966,0.3578605762927146,0.39294256890256374
SSP1-2.6 2071-2100,2071-2100,BOP_n,0.5950694946288384,0.5942938696316574,0.00794031547126306,0.5797484340388939,0.6073451550289004
SSP1-2.6 2071-2100,2071-2100,EPB_n,0.4672518706923776,0.4685701585093413,0.01153982949745007,0.4526766829590761,0.4903286554559031
SSP1-2.6 2071-2100,2071-2100,SAB_n,0.7688297684688383,0.7695329159342831,0.00560691229190031,0.7609587736192662,0.781509131410844
SSP1-2.6 2071-2100,2071-2100,EPN_n,0.3476906214106035,0.3489071534300475,0.00885529230144905,0.33332171769384655,0.3626618101379361
SSP1-2.6 2071-2100,2071-2100,THO_n,0.2930031072305289,0.2906635649977896,0.01497604186516489,0.26115917771942726,0.3161674311463704
SSP1-2.6 2071-2100,2071-2100,PRP_n,0.11877011722396752,0.11731432280334364,0.00870540891426281,0.10259346357958292,0.13402825305582186
SSP1-2.6 2071-2100,2071-2100,PET_n,0.2814260311992247,0.2797738473066379,0.01218068432946784,0.260327172333191,0.3009529341451858
SSP1-2.6 2071-2100,2071-2100,PIB_n,0.14312628435996963,0.14361264386112613,0.01116823204957435,0.12484839812838192,0.16084689522131002
SSP1-2.6 2071-2100,2071-2100,MEL_n,0.0393126676104278,0.03869604834830038,0.00385429782397381,0.03359319140196394,0.04495799054041506
SSP1-2.6 2071-2100,2071-2100,PIG_n,0.06362770053440409,0.06373471674609067,0.00406457285595406,0.05734755971552615,0.07039146259152843
SSP2-4.5 2011-2040,2011-2040,ERR_n,0.4075299281166877,0.4072280785364586,0.00618990519595117,0.3957213918167383,0.4170387234249432
SSP2-4.5 2011-2040,2011-2040,ERS_n,0.2454271705531832,0.24551271983407577,0.0057453617825048,0.23736635114612392,0.25566619995758666
SSP2-4.5 2011-2040,2011-2040,BOJ_n,0.29175050723804086,0.2915389391015158,0.00665898619314393,0.28100663872545617,0.3031331986952215
SSP2-4.5 2011-2040,2011-2040,BOP_n,0.5599209130645486,0.5596750456769268,0.00612609989384979,0.548881266380185,0.5706244669437583
SSP2-4.5 2011-2040,2011-2040,EPB_n,0.4239831750570242,0.4250188046595664,0.00694477040983929,0.41398585372550945,0.4386749682751033
SSP2-4.5 2011-2040,2011-2040,SAB_n,0.7355160930321647,0.7351855196972419,0.00498092242887972,0.7252459069973783,0.7427838259530883
SSP2-4.5 2011-2040,2011-2040,EPN_n,0.4318090721297475,0.4325637022282265,0.00812870072673082,0.41951937815246026,0.4450087438228045
SSP2-4.5 2011-2040,2011-2040,THO_n,0.2094497013290872,0.20953082876591503,0.0078897392563019,0.19246830218194896,0.22354288475681344
SSP2-4.5 2011-2040,2011-2040,PRP_n,0.09457286770617046,0.09351604691928447,0.00550303436942637,0.08424309900059102,0.10337918098215568
SSP2-4.5 2011-2040,2011-2040,PET_n,0.24046485691395791,0.2423512829368604,0.00856045985191475,0.2299470512301023,0.25851440493295436
SSP2-4.5 2011-2040,2011-2040,PIB_n,0.10810265701859716,0.10754462011616958,0.00475794554721722,0.09933673342092011,0.11703425957098788
SSP2-4.5 2011-2040,2011-2040,MEL_n,0.0405067061188919,0.04073390753369476,0.00323095642705085,0.03580877528496148,0.04651122220185063
SSP2-4.5 2011-2040,2011-2040,PIG_n,0.07594386353175575,0.07619757880333979,0.00410711482811251,0.06918440518358428,0.08329315281405972
SSP2-4.5 2041-2070,2041-2070,ERR_n,0.5559373301531976,0.5559414698082272,0.00828920127379172,0.5428947107026668,0.5722807544229533
SSP2-4.5 2041-2070,2041-2070,ERS_n,0.366363810379428,0.3666462841178945,0.0124519066432351,0.34692401301214804,0.38580353727829897
SSP2-4.5 2041-2070,2041-2070,BOJ_n,0.4169140471115936,0.4197238518562776,0.01190033502461483,0.404599499028736,0.44236222591923313
SSP2-4.5 2041-2070,2041-2070,BOP_n,0.6133472513110412,0.6110625284023516,0.00882251002716863,0.5967152119172016,0.6274848277126366
SSP2-4.5 2041-2070,2041-2070,EPB_n,0.4875226915223515,0.4861343851565487,0.01160619305793576,0.46526671476231096,0.5035976064467687
SSP2-4.5 2041-2070,2041-2070,SAB_n,0.7799571432353074,0.7806152078771402,0.00770879936143371,0.7646740330951101,0.7930037450613676
SSP2-4.5 2041-2070,2041-2070,EPN_n,0.3153671305474561,0.3139285275876602,0.00682407345292119,0.3016752013949164,0.32464524346196033
SSP2-4.5 2041-2070,2041-2070,THO_n,0.34026666661828575,0.3406311068725587,0.01186957062225279,0.32310654439072484,0.3683017461554941
SSP2-4.5 2041-2070,2041-2070,PRP_n,0.12518664361800508,0.1253739291943396,0.01217682807239048,0.10965300950095482,0.1487732742485911
SSP2-4.5 2041-2070,2041-2070,PET_n,0.29591436992737763,0.2946874373077994,0.01231973884486228,0.27422017445802416,0.3148297281355555
SSP2-4.5 2041-2070,2041-2070,PIB_n,0.16071772903035544,0.16204789871797348,0.01598595177476196,0.14064404332688524,0.20246225480457297
SSP2-4.5 2041-2070,2041-2070,MEL_n,0.03876079428854336,0.03975414426633464,0.00511011090000076,0.03308629002982553,0.04985312511939144
SSP2-4.5 2041-2070,2041-2070,PIG_n,0.05496376113229336,0.05638363891840083,0.00491728739179129,0.04879286153112087,0.06675442838147579
SSP2-4.5 2071-2100,2071-2100,ERR_n,0.6711030814391346,0.6711045738884304,0.00691701588392948,0.6583620410471607,0.682277909353626
SSP2-4.5 2071-2100,2071-2100,ERS_n,0.4872980886678499,0.48887456723479134,0.01527099172917025,0.4635138101472634,0.5191752400663163
SSP2-4.5 2071-2100,2071-2100,BOJ_n,0.5283075783736213,0.5300218877924812,0.01780052635231348,0.495210022761035,0.5604215720941059
SSP2-4.5 2071-2100,2071-2100,BOP_n,0.6541490560300139,0.6554082254314841,0.01445567297572913,0.6292527418196854,0.682304579605306
SSP2-4.5 2071-2100,2071-2100,EPB_n,0.5444158202101048,0.5437753404197275,0.01199069186627723,0.5244375434026618,0.5686036387659682
SSP2-4.5 2071-2100,2071-2100,SAB_n,0.8161074354644855,0.8155919954215047,0.00735106598153442,0.8026801934684952,0.827664053508057
SSP2-4.5 2071-2100,2071-2100,EPN_n,0.21732454577685703,0.21656677930249865,0.00954824296161527,0.19909276609837975,0.23271355692437207
SSP2-4.5 2071-2100,2071-2100,THO_n,0.4630982864365932,0.4590093981177976,0.01862696111287725,0.42291057702299306,0.4904455137990171
SSP2-4.5 2071-2100,2071-2100,PRP_n,0.15776789919382755,0.1619706830701431,0.01790465086168202,0.13969750921444868,0.19745225392147336
SSP2-4.5 2071-2100,2071-2100,PET_n,0.34336542315633645,0.34430731367610656,0.01399905804308484,0.3205070038564473,0.3704036110966547
SSP2-4.5 2071-2100,2071-2100,PIB_n,0.22057196977413213,0.2223058892681777,0.01919236887848879,0.19221810266132663,0.2627655766759366
SSP2-4.5 2071-2100,2071-2100,MEL_n,0.03722668553226729,0.03700967942194597,0.0045884968846595,0.02885771746001719,0.04408837142168514
SSP2-4.5 2071-2100,2071-2100,PIG_n,0.04087450839061074,0.04087717663923056,0.00431391422950548,0.03511150216843219,0.04842085590376761
SSP3-7.0 2011-2040,2011-2040,ERR_n,0.3995441446287973,0.39781590981157133,0.00677241700988243,0.3858170069140288,0.4083488580679462
SSP3-7.0 2011-2040,2011-2040,ERS_n,0.23731418417734693,0.2363177141498685,0.00730838726956998,0.22245017707640663,0.2458472417443144
SSP3-7.0 2011-2040,2011-2040,BOJ_n,0.28384753862719836,0.28331315778506655,0.0055974312258040004,0.273394972695224,0.2934545240719554
SSP3-7.0 2011-2040,2011-2040,BOP_n,0.5540982682287376,0.5531532630891353,0.00661750673267403,0.5398634581831259,0.5640723459961088
SSP3-7.0 2011-2040,2011-2040,EPB_n,0.42338254613486537,0.42323365542866254,0.00704298594197342,0.4108326924686987,0.4367476395930665
SSP3-7.0 2011-2040,2011-2040,SAB_n,0.7330965332389185,0.7333761418360787,0.00450753914706992,0.725864259376772,0.74117635342855
SSP3-7.0 2011-2040,2011-2040,EPN_n,0.44266382004297605,0.44183790276236806,0.00526565356971224,0.4299554583183145,0.4486275725685761
SSP3-7.0 2011-2040,2011-2040,THO_n,0.19964316279964897,0.1977484195505736,0.00698588760313236,0.18446487007144396,0.20787847740186277
SSP3-7.0 2011-2040,2011-2040,PRP_n,0.09212228449220944,0.09096524546147625,0.00533712501635801,0.0802761072116106,0.09939510234190566
SSP3-7.0 2011-2040,2011-2040,PET_n,0.2353191273580454,0.23393956910176825,0.00653651401731682,0.22473157524284404,0.2450631783469057
SSP3-7.0 2011-2040,2011-2040,PIB_n,0.10062282739050037,0.1010695131157322,0.00667636800286889,0.09000928540477779,0.11465620939442396
SSP3-7.0 2011-2040,2011-2040,MEL_n,0.04278511930106718,0.04260434820440402,0.00373670086173716,0.03688639950468216,0.05060634324699202
SSP3-7.0 2011-2040,2011-2040,PIG_n,0.07894077178630164,0.07895660120466469,0.00354416376264829,0.07271092471908774,0.08555807148711844
SSP3-7.0 2041-2070,2041-2070,ERR_n,0.5911029328396551,0.5903626231587333,0.00659419841608807,0.5759610228846097,0.600000852680246
SSP3-7.0 2041-2070,2041-2070,ERS_n,0.4030673338745648,0.40213540836492784,0.01107907136650864,0.38576693383175115,0.41924444611644573
SSP3-7.0 2041-2070,2041-2070,BOJ_n,0.4464548856244511,0.44701957020198096,0.01014218734026538,0.43133487751515864,0.4634372301273395
SSP3-7.0 2041-2070,2041-2070,BOP_n,0.624370428362317,0.6241824054661037,0.01168213899193993,0.60294025429722,0.6408790733467198
SSP3-7.0 2041-2070,2041-2070,EPB_n,0.49930679186636345,0.4987129622819646,0.01039004999338497,0.4760713006810815,0.5129467684166673
SSP3-7.0 2041-2070,2041-2070,SAB_n,0.7868688264492621,0.7863480165895489,0.00630492831477706,0.773448312830157,0.7971194171160091
SSP3-7.0 2041-2070,2041-2070,EPN_n,0.28768420347420165,0.2870187552716156,0.00826268061029031,0.2719893729842662,0.30203573632894254
SSP3-7.0 2041-2070,2041-2070,THO_n,0.3702239584083507,0.3692251290490525,0.01344167917968246,0.3450932806039466,0.3912385075072702
SSP3-7.0 2041-2070,2041-2070,PRP_n,0.13027516724961108,0.13052616525332722,0.00837775181857749,0.11392868857773304,0.14735421671515142
SSP3-7.0 2041-2070,2041-2070,PET_n,0.30876422478835347,0.3094211403116573,0.01216174118917876,0.2899202234356675,0.3360069345088591
SSP3-7.0 2041-2070,2041-2070,PIB_n,0.18605172893269012,0.1886511672528789,0.01456213861938897,0.16562978737288214,0.2158837156819523
SSP3-7.0 2041-2070,2041-2070,MEL_n,0.03764192950144724,0.03866427007341626,0.00541656356691541,0.03209241481303636,0.04909038502523739
SSP3-7.0 2041-2070,2041-2070,PIG_n,0.05372750260160963,0.0540600351271802,0.00361723470873298,0.04889075283877853,0.06202143603058799
SSP3-7.0 2071-2100,2071-2100,ERR_n,0.7980327350269222,0.7987759864527579,0.00821554422576362,0.7845390266315129,0.8149069046915233
SSP3-7.0 2071-2100,2071-2100,ERS_n,0.6331483798525106,0.6316952952944063,0.01914022208571122,0.6008926676503579,0.6623178870424407
SSP3-7.0 2071-2100,2071-2100,BOJ_n,0.6623117446620688,0.6586485726457288,0.01474012960411336,0.6314955889368769,0.6828343796234726
SSP3-7.0 2071-2100,2071-2100,BOP_n,0.7048895069175862,0.7058355261041155,0.01166056685013176,0.6882482717995635,0.7251646225733794
SSP3-7.0 2071-2100,2071-2100,EPB_n,0.5993915115103636,0.5994687199628792,0.01508352531318366,0.5771973059832567,0.6304207264864867
SSP3-7.0 2071-2100,2071-2100,SAB_n,0.8481886602668665,0.8484929448910418,0.01049482298336842,0.8289006205344366,0.8647506061428225
SSP3-7.0 2071-2100,2071-2100,EPN_n,0.13319414316158448,0.13480649870829278,0.00591263326207729,0.12623322170773155,0.14619190748749422
SSP3-7.0 2071-2100,2071-2100,THO_n,0.6130834147615811,0.6104950791133745,0.02196823246232883,0.5704387472587238,0.6454892152471471
SSP3-7.0 2071-2100,2071-2100,PRP_n,0.1983101669332592,0.19875869654958875,0.02362660029434243,0.15638948685456372,0.23682133875127365
SSP3-7.0 2071-2100,2071-2100,PET_n,0.4163955462271802,0.4152388432473115,0.02404465454475031,0.3784894387086189,0.4545261888719697
SSP3-7.0 2071-2100,2071-2100,PIB_n,0.33605233479057284,0.33330686898886785,0.02224061785741022,0.29833108212917214,0.372868293361191
SSP3-7.0 2071-2100,2071-2100,MEL_n,0.03520034729666114,0.03620725496982038,0.00743052929681732,0.02644725903328682,0.05204759761548859
SSP3-7.0 2071-2100,2071-2100,PIG_n,0.028700206086529,0.02872049579056945,0.00387717778283396,0.02265288197457821,0.03762880881576052
SSP5-8.5 2011-2040,2011-2040,ERR_n,0.4256734409180379,0.426522888165075,0.00803953430609864,0.4142126445262071,0.4420699576920086
SSP5-8.5 2011-2040,2011-2040,ERS_n,0.2568355067157233,0.25734653082421116,0.00952808288514866,0.24340298900777793,0.2748614429399931
SSP5-8.5 2011-2040,2011-2040,BOJ_n,0.3042255598665593,0.3056247943304492,0.00668473333622712,0.29508715848997225,0.31810271655463235
SSP5-8.5 2011-2040,2011-2040,BOP_n,0.5664003114720666,0.5665031814589943,0.00504172817788571,0.5581065284325957,0.5758907015460242
SSP5-8.5 2011-2040,2011-2040,EPB_n,0.4251004350550524,0.425719088415786,0.00756949439368045,0.4145464187217881,0.4389799370156805
SSP5-8.5 2011-2040,2011-2040,SAB_n,0.7361852983255643,0.735552629891149,0.0053721788400591,0.7257273220504852,0.7443621018743882
SSP5-8.5 2011-2040,2011-2040,EPN_n,0.4225774501962568,0.4220746880768177,0.00586439144142408,0.410788955974725,0.4321222869677473
SSP5-8.5 2011-2040,2011-2040,THO_n,0.2197960727911621,0.22237461913920625,0.00815980220333301,0.2113795828954828,0.23835432247137603
SSP5-8.5 2011-2040,2011-2040,PRP_n,0.09430305033778635,0.09350914935471548,0.0068311557496445,0.07831070403724781,0.10490555888117478
SSP5-8.5 2011-2040,2011-2040,PET_n,0.24531261643424496,0.2462847000351464,0.00491005621408745,0.23699757571904695,0.25508641713568014
SSP5-8.5 2011-2040,2011-2040,PIB_n,0.11727111539819668,0.11775384357682528,0.00647503212717204,0.10754375152517168,0.1298814376324107
SSP5-8.5 2011-2040,2011-2040,MEL_n,0.03979234208322596,0.04031296642585608,0.00288493121995849,0.03577670211603789,0.04554159459471813
SSP5-8.5 2011-2040,2011-2040,PIG_n,0.07900090536081761,0.07875291882999229,0.00366608317678782,0.07214868073735711,0.08445149667295258
SSP5-8.5 2041-2070,2041-2070,ERR_n,0.6498538656602311,0.6498512691587777,0.00810419509182661,0.6342544004565451,0.664306402339295
SSP5-8.5 2041-2070,2041-2070,ERS_n,0.46638737610373304,0.4655195536099499,0.00956979533348447,0.4516353391718681,0.48145996497923393
SSP5-8.5 2041-2070,2041-2070,BOJ_n,0.5000765610755047,0.502561733391665,0.01220625019681533,0.4836937103742174,0.5284871413135452
SSP5-8.5 2041-2070,2041-2070,BOP_n,0.6448822074904464,0.6457401794363075,0.01052412946024504,0.6276269907384909,0.6613177082230358
SSP5-8.5 2041-2070,2041-2070,EPB_n,0.5242748246529716,0.52441883557289,0.01413178673393369,0.4996003411856809,0.550518089280375
SSP5-8.5 2041-2070,2041-2070,SAB_n,0.8067447642960971,0.808131558957446,0.00710284373339546,0.7973357667404714,0.8209914099577903
SSP5-8.5 2041-2070,2041-2070,EPN_n,0.2352708983187908,0.23594518505338705,0.00949545424825325,0.2192521611838677,0.25297607577683856
SSP5-8.5 2041-2070,2041-2070,THO_n,0.43107205148957867,0.4310189943703436,0.01967907148094736,0.39209472248823674,0.4672834397819835
SSP5-8.5 2041-2070,2041-2070,PRP_n,0.1498350934312511,0.14787517209460566,0.01380478428070368,0.11778995233221916,0.16949755863819038
SSP5-8.5 2041-2070,2041-2070,PET_n,0.34151503480579776,0.3394488959555908,0.01423552223055499,0.31614866658775354,0.36286304758737087
SSP5-8.5 2041-2070,2041-2070,PIB_n,0.2089184344665294,0.21139885469859565,0.01950686610110807,0.17780356227147848,0.2461314897427812
SSP5-8.5 2041-2070,2041-2070,MEL_n,0.03704884288639674,0.03780765693420124,0.00442163511908873,0.03148052048748889,0.04650640808869259
SSP5-8.5 2041-2070,2041-2070,PIG_n,0.0465031489995666,0.04630770259725342,0.0056048977347159,0.03494801919898109,0.05518924833779423
SSP5-8.5 2071-2100,2071-2100,ERR_n,0.8835156821348349,0.8831483437213508,0.0049838814166739,0.8750060732283632,0.8913161671612984
SSP5-8.5 2071-2100,2071-2100,ERS_n,0.7454589884254211,0.7478490626230221,0.01882049586207847,0.7139434681494914,0.7831817463364731
SSP5-8.5 2071-2100,2071-2100,BOJ_n,0.7490172958891352,0.7505413841795767,0.01652850317345124,0.7246193558657623,0.7851465302006786
SSP5-8.5 2071-2100,2071-2100,BOP_n,0.7436091573530469,0.7450817041172999,0.0184313072252763,0.7001667254889341,0.7707070443728739
SSP5-8.5 2071-2100,2071-2100,EPB_n,0.6451756195033282,0.6438149918098646,0.0186861161567886,0.6085421932327911,0.6788955765197715
SSP5-8.5 2071-2100,2071-2100,SAB_n,0.8755880272653073,0.877772394277393,0.00908806892553098,0.8630911256448006,0.8949507502237679
SSP5-8.5 2071-2100,2071-2100,EPN_n,0.08146297111176418,0.08015055710706334,0.00739817595774512,0.06503790446066864,0.0926962151358872
SSP5-8.5 2071-2100,2071-2100,THO_n,0.7156169952009193,0.7151405998973659,0.02190091027782821,0.6761364901683132,0.7548378534370088
SSP5-8.5 2071-2100,2071-2100,PRP_n,0.2483364110819381,0.24819592934330303,0.02718458584927717,0.20284964547924841,0.29847181476386403
SSP5-8.5 2071-2100,2071-2100,PET_n,0.4708164814483866,0.4689306390999329,0.02475907251983096,0.4272715770890488,0.518488063570187
SSP5-8.5 2071-2100,2071-2100,PIB_n,0.4273901659631903,0.4247673477059896,0.04742137966918185,0.3430468728055154,0.5149624908358879
SSP5-8.5 2071-2100,2071-2100,MEL_n,0.03440807008738793,0.03469848095166961,0.00812951730896394,0.02278138978299518,0.05276229980110696
SSP5-8.5 2071-2100,2071-2100,PIG_n,0.02281134001286964,0.02306111912598535,0.00449103910426511,0.01385553228725926,0.03069996522768419
